Estado,Well_ID,Day,Oil_Production,Gas_Production,Water_Cut,Wellhead_Pressure,Reservoir_Temperature
Tamaulipas,Pozo Oeste,76,1082.744371250943,4689.887787623005,0.407008831948907,2714.802264264503,94.72096782291023
Chiapas,Pozo Norte,100,1053.1053339324371,4408.359061930723,0.1993770082169592,2660.6044095198877,72.06551076437529
Campeche,Pozo Centro,68,1131.2886742657222,5534.505692451599,0.4874443060573673,2770.4765051579125,85.50067253458838
Chiapas,Pozo Este,5,1157.411294234495,3622.7563305974236,0.12686707030280095,2231.8678781568874,115.75033191199019
Chiapas,Pozo Este,37,858.5956000307121,3231.4581014397822,0.5571440920794493,1500.0,99.55385182038239
Veracruz,Pozo Norte,72,886.6464900625865,4795.5342143639655,0.6679866603961278,2836.7339192706863,78.95877329006561
Campeche,Pozo Oeste,92,1111.3980411175125,4449.363053827086,0.3038612962906707,2341.4813499246766,77.76150524658854
Campeche,Pozo Oeste,31,942.2519675315132,5298.449998603392,0.4103436290285991,2633.1581229150815,77.36169132189278
Campeche,Pozo Centro,9,1326.873692104314,5782.396281882598,0.3273461668352886,2984.2300641241054,95.39583940314469
Chiapas,Pozo Norte,51,1108.973637441925,5279.712671236025,0.10402623418243598,3252.043021633189,104.2916910533946
Tamaulipas,Pozo Este,29,1566.2508084993685,5710.712980644071,0.33152470173706955,2172.562482650713,91.98600453376069
Campeche,Pozo Oeste,78,1305.1206095678065,5088.947099998947,0.5750321555568079,2446.8859675079757,86.88594819842581
Chiapas,Pozo Norte,40,1375.9284673476495,5245.136173488989,0.4575933053100891,2878.392761211906,79.67013570840675
Veracruz,Pozo Oeste,41,1133.1415169911966,4695.008511150956,0.16075594876909535,2104.5023435169514,88.95247774700232
Tamaulipas,Pozo Oeste,86,1139.3403753225741,5218.540914913664,0.608283693816271,2196.26094217335,75.15853935884549
Veracruz,Pozo Este,11,1532.8301449772944,4949.987545707162,0.41865120693114566,2194.1864975393937,61.770813433465136
Tamaulipas,Pozo Sur,23,1005.4267791157426,5092.659116876157,0.6050340170468056,2390.168390307192,104.64190828134939
Chiapas,Pozo Centro,1,1236.69483854131,4649.948370221845,0.4481329112710176,2322.9567118985105,72.93024795565469
Tabasco,Pozo Centro,46,1033.4406169596355,5528.036280424169,0.4358130669027639,2192.1716372102865,81.10201151596817
Tamaulipas,Pozo Este,21,1032.8409854031743,4160.592705148543,0.16315551111820742,2061.984904537809,92.8762894075515
Veracruz,Pozo Oeste,90,807.7759335645701,4783.485881186304,0.2004158398831768,2684.179114938352,102.21360243215264
Chiapas,Pozo Norte,36,914.3714122857648,5980.605510186819,0.6832151538979546,2868.240857338141,88.08556782902346
Tamaulipas,Pozo Oeste,54,867.9326371458874,3946.150359370987,0.23709204805286246,2918.950177960345,70.67546814807005
Tabasco,Pozo Este,87,1248.5922022307923,2854.3390844226324,0.6864712707942207,2231.6242549154304,81.38384260370138
Tabasco,Pozo Centro,57,1360.0514820559156,5129.811449668175,0.41914762391455807,2698.803635290047,76.85817513969904
Campeche,Pozo Oeste,1,1076.3116566053993,4568.74095868185,0.18147342823836227,2482.7140659547213,84.54146767034415
Campeche,Pozo Centro,63,1157.4069825409133,5709.776016334656,0.15958132165221578,2200.265027985336,99.78381365523563
Veracruz,Pozo Norte,54,1061.882161223726,4682.536428092706,0.22531844242344398,2656.9763765478688,54.551336847161394
Tamaulipas,Pozo Centro,55,897.3060200267537,4256.0948355930195,0.6553823980152014,2184.188231084076,80.06332203967011
Tamaulipas,Pozo Centro,40,1315.5657561992198,4731.764343763608,0.34849013459693606,2268.338189026409,79.19140436335579
Campeche,Pozo Sur,15,1263.1336734398699,5783.76172795189,0.3372605607957486,1918.1446041237296,69.91886386125232
Tamaulipas,Pozo Sur,21,626.863503674009,5317.832664473138,0.2879237566421044,2237.522615898371,92.0258889249954
Tamaulipas,Pozo Sur,47,1029.2227496911867,2609.487969106769,0.18823711033995305,2488.851423155105,68.02028953748743
Tabasco,Pozo Centro,73,879.4931646981429,4967.190742878094,0.3927107183154439,2949.127073487123,69.4012686484441
Campeche,Pozo Este,53,1002.2653575836937,5012.185919161265,0.17802866950668322,2276.2765938294096,95.21283056824737
Chiapas,Pozo Centro,9,932.3921082384352,4783.575031319532,0.6012881418293965,2036.640798519573,103.00685642755202
Campeche,Pozo Este,74,1088.39490731465,4250.19909758827,0.32223819176518387,2924.079139826944,84.08683877665649
Chiapas,Pozo Este,52,1017.5213162166315,5875.0786870558,0.32488214066907783,2223.406647020524,70.39124657212881
Tabasco,Pozo Sur,57,1012.2148265447902,5919.630553321375,0.38440385708989355,1788.0664203506972,76.533350898661
Veracruz,Pozo Oeste,26,1376.8471070846783,2817.1555852567244,0.366476627899451,2446.5828072978743,97.09602336694054
Tamaulipas,Pozo Norte,41,1239.2946651673121,4081.8364700327,0.6969147838355929,2286.3292843522886,86.39725888796072
Tabasco,Pozo Sur,35,924.0263374248916,4669.742413842852,0.42722867273098153,3205.13847493981,83.78753467741693
Tamaulipas,Pozo Sur,63,961.1133167966448,5653.657383345003,0.1529210222739224,2566.3781120215244,88.75659651895775
Veracruz,Pozo Oeste,25,1222.9482638499032,4831.36758875259,0.464126404946158,2348.7801762208073,84.54808067769471
Veracruz,Pozo Norte,90,1222.6048929256917,4184.765579851569,0.19095057572192797,2076.425976760539,103.5485475719106
Tabasco,Pozo Centro,75,949.0549402344827,5438.580219576637,0.11856258683880519,2515.5583944175387,76.0102808236768
Veracruz,Pozo Centro,38,1041.5023332744588,4609.797523004107,0.6824452922063489,2909.848482521628,74.63249059797744
Chiapas,Pozo Sur,2,1561.701510021742,4694.339226760536,0.5641233349207383,2509.134964217041,68.39855778317613
Veracruz,Pozo Norte,7,953.3629778696643,4775.557409936331,0.6880653954482601,2103.399607758719,78.52014837129171
Tamaulipas,Pozo Sur,82,1577.7011471146964,5316.877596754635,0.3867270688133455,2588.582174113184,71.89629430400615
Tamaulipas,Pozo Este,91,1375.9167356314513,4522.3053584935915,0.41935451868938567,2382.9875867945148,87.61690610383269
Tamaulipas,Pozo Sur,34,1531.3540687638665,5418.2518433825,0.20100217355147815,2557.014586161357,85.25136838630172
Tamaulipas,Pozo Sur,91,942.7320069826428,4734.237928433635,0.24814445600055135,2275.817427435523,72.05109399918429
Chiapas,Pozo Centro,17,1057.8610314843097,3839.6850722239114,0.6031295289416969,2267.5966540085756,92.06967230833567
Campeche,Pozo Centro,43,987.7090478061093,4766.901324874097,0.3137113882705565,2253.777070898877,103.20175440555849
Tabasco,Pozo Centro,59,1381.6882979815507,3886.3079371693066,0.5960889842778514,2729.7833530240764,89.29406018405228
Tamaulipas,Pozo Este,51,958.0790568319776,4836.888110798348,0.5254082345722191,2271.121153665618,54.47802180453432
Veracruz,Pozo Centro,54,1282.8038733357184,5546.52653630832,0.2063025551631193,2239.0942440190206,108.84557164804127
Tamaulipas,Pozo Norte,24,1269.5748527980102,3833.733894598097,0.4044678196718453,2070.2769344531716,93.9630816288527
Veracruz,Pozo Oeste,25,1087.9926173214558,5127.846065223995,0.5064323929112301,2558.9048306008685,108.4770190382614
Veracruz,Pozo Norte,71,1424.6649335410839,4053.866287482113,0.24102232888229508,2509.0956307459264,98.088683033798
Tamaulipas,Pozo Norte,52,1126.9199674316512,4981.530503924892,0.5984131063120461,2242.931121428979,100.4861850264467
Chiapas,Pozo Centro,70,1308.5214296520758,5574.183817818435,0.42689659452711204,2151.7174523547487,87.46320272321302
Veracruz,Pozo Oeste,88,976.3241577705544,2883.4382333009626,0.1991452302655619,3056.6606946296993,81.85244785372201
Veracruz,Pozo Oeste,33,919.1407964732937,3796.971755815789,0.4497906556987614,1741.8449307063067,89.48177425278593
Tamaulipas,Pozo Oeste,49,1282.786382314402,4467.91849940107,0.6998282824935483,2572.6102011206026,76.49457903704153
Veracruz,Pozo Este,29,1207.710061083437,5083.536440263454,0.19031289499804815,2851.991241875603,90.20657021080278
Veracruz,Pozo Centro,63,1160.8269160320915,4650.255003577508,0.5900541580717168,1500.0,53.47856491179147
Tamaulipas,Pozo Oeste,22,1014.0779130155541,4758.707296217173,0.22438540191253478,2677.9490210266626,85.51518694257295
Tamaulipas,Pozo Este,26,1487.3023691315761,6638.686072816131,0.5694329976760524,2322.910889476369,101.1361134412256
Tabasco,Pozo Sur,28,820.8535489365382,3708.788449035695,0.540746753872848,2489.6192024991406,86.13170294714759
Chiapas,Pozo Sur,85,807.164247567257,5821.936514726493,0.2802936313602594,2286.8667124172684,105.72979285637186
Chiapas,Pozo Este,49,1335.5416262909573,4485.019685561025,0.2954938705386699,2776.387705976127,81.83505534581674
Veracruz,Pozo Este,71,1315.0240960357673,5294.527313248861,0.5755128351777514,2527.091769584975,97.03181095585393
Chiapas,Pozo Centro,81,1188.440694747967,6716.05190017104,0.3768673071323876,2446.1019613370104,74.46075911591961
Veracruz,Pozo Centro,84,1028.0119445242983,5419.810221316883,0.5384908172270852,2085.3987875644925,96.54347943466455
Tabasco,Pozo Sur,49,1225.605532297603,5135.246138811,0.18879048841950086,3058.802281841966,87.79113889873379
Tamaulipas,Pozo Oeste,20,1530.2075742798834,6239.210101634438,0.611534669140932,2403.475856906645,82.36299404988725
Tamaulipas,Pozo Sur,86,1728.8865519685562,5812.318780133873,0.5265308300093915,3201.432029111161,54.11341461922696
Tamaulipas,Pozo Oeste,92,685.8965736312109,4080.545331454708,0.6441656853009003,3074.649284812368,81.9474786903334
Chiapas,Pozo Oeste,63,995.2699701878634,5065.07226820847,0.1794234274209835,1777.5771614571167,87.56143623135773
Tabasco,Pozo Centro,61,979.5566842537901,3254.2538392733168,0.45580870021635855,2170.768913719058,94.944513222639
Chiapas,Pozo Norte,49,1506.6298679249205,4313.861950463174,0.45947235102419515,2037.0671479087705,103.73139758918882
Chiapas,Pozo Norte,71,479.67625335869957,5082.647670839873,0.31207644432806947,2383.127871479528,109.42039241639094
Tabasco,Pozo Este,1,1228.4587982663866,4258.105182496867,0.3750798547415547,2465.5074071701565,99.9552081174758
Tabasco,Pozo Centro,96,1035.7974228952417,5046.030071374732,0.12278893797391209,2480.4742637627005,78.25491609634966
Tabasco,Pozo Oeste,13,1509.52818738691,4787.953845912265,0.5475160231762072,2768.9450366066426,81.34235092578713
Tabasco,Pozo Norte,94,1475.259710001115,5282.775059155539,0.4295934876419044,2922.7539692581045,93.86698565252419
Tamaulipas,Pozo Oeste,87,1191.3766837066732,4418.2208801747,0.13464463112150427,2738.6207122335236,91.23537351817362
Campeche,Pozo Norte,51,705.0692323220508,3953.865977006958,0.5084535357762914,2203.6726750216885,104.54015151269634
Campeche,Pozo Norte,56,956.5276294162168,6130.314143555935,0.38006924633871275,2126.291647212396,114.75267302451894
Tabasco,Pozo Norte,83,983.9022308465654,4353.87293157905,0.12067675565500001,2400.9666425593778,112.20616234117867
Campeche,Pozo Centro,62,768.3863013866338,5394.009533805406,0.6817646361088572,2549.1418342416314,102.92725839758013
Campeche,Pozo Sur,32,1388.6460704648425,6091.722323825283,0.6694672858536642,2335.8830289990074,91.33483178731477
Tabasco,Pozo Oeste,30,736.6433756813985,4946.402999097779,0.4077414496883185,1929.0803073117222,101.19190075535013
Campeche,Pozo Centro,29,1591.3318771134282,4029.3240875011656,0.1562034524235461,2638.7208280018804,104.93729216474075
Chiapas,Pozo Centro,49,1590.7056585113646,4639.25102290739,0.5527727329591551,2262.689830943134,83.23239523293978
Veracruz,Pozo Centro,45,1003.7349345351234,5715.786824946078,0.3951586600634375,2252.1205429522847,78.60806832989489
Veracruz,Pozo Centro,93,1182.123842532454,4985.622791164076,0.2814684869736279,2380.8855640796673,75.7909479991399
Tabasco,Pozo Centro,30,1081.929130482394,3715.372387016151,0.39485090651713406,2316.0353790219438,74.48338319865636
Tamaulipas,Pozo Este,16,1325.4562000904225,5336.979450180341,0.4134664872432787,2271.7246305707645,68.4160561288817
Tabasco,Pozo Oeste,40,1418.6693346411898,5492.578322145899,0.43762701941340354,1951.9561425733837,87.99882050941272
Tamaulipas,Pozo Centro,19,1164.4992480300166,4480.21930249386,0.3647342281931959,2360.7133865669193,73.00296638694242
Veracruz,Pozo Oeste,18,1217.2791774452658,5349.219938044272,0.463453181883434,2646.0338271674036,75.59773379037541
Tabasco,Pozo Este,1,944.8489340151209,5020.516735914421,0.6512408263638264,2492.625401792451,93.41506671012073
Chiapas,Pozo Este,78,1209.1784917225846,4622.313415222165,0.31736085225915467,2731.842503685226,87.17930879504212
Campeche,Pozo Oeste,47,1140.6905197309952,3635.8178307657026,0.5354298779319695,2145.0092421879976,90.1554992876041
Tamaulipas,Pozo Norte,66,872.0513778121608,5770.158505595182,0.6366715340945392,1952.6795323087695,101.38178514270498
Campeche,Pozo Sur,92,1096.4907226642222,5483.28989992785,0.37358756545596217,2313.952507357701,95.37435890248955
Campeche,Pozo Norte,94,1004.2043705034818,5325.497664937781,0.36607350182914244,2185.017183507956,103.22663897743196
Tabasco,Pozo Norte,38,947.6261045454853,6190.073403310284,0.4612701912128677,2221.382755877288,85.95971793733685
Campeche,Pozo Norte,51,813.377198100108,5650.674354312234,0.45484405565349284,2474.1124013283948,104.34148709574875
Chiapas,Pozo Centro,63,1115.625683312369,5417.909405536407,0.5839536053957661,2223.9218113133707,89.31684117228951
Campeche,Pozo Este,4,904.8814984186641,2808.0953867758517,0.38589003026697566,1962.476028777762,87.02447513314243
Tabasco,Pozo Norte,1,982.2229569243252,5877.205456622174,0.6976737697836647,2204.3518452413005,102.53831447531803
Chiapas,Pozo Este,8,1368.7810688043223,4874.772462853845,0.13568294132036846,2519.0207784012805,74.53415584968046
Veracruz,Pozo Oeste,29,1258.0290253170945,5081.242512231424,0.10190070914842105,2635.018210352421,109.28320681050971
Campeche,Pozo Sur,55,855.3083380346866,5087.399870724047,0.48411898693577426,2631.4979744291713,81.61479975955257
Tabasco,Pozo Oeste,3,1187.972766976609,5496.449469278052,0.279060947417126,2548.5655829867683,70.38270434140814
Veracruz,Pozo Oeste,32,1133.1951745660388,5809.957525921516,0.2442294332196903,2341.1672869121644,92.84202342467034
Veracruz,Pozo Centro,10,1525.4240521333652,5370.8170287533,0.2871394480025683,2541.719934635695,80.47214187858087
Tamaulipas,Pozo Sur,74,1445.7862502180687,5227.757030387902,0.25362853906297256,2385.182519630617,109.309685102935
Chiapas,Pozo Oeste,83,716.5628185725409,5008.361465366014,0.11847402979626871,2439.5836482370833,79.80519017457823
Campeche,Pozo Oeste,34,1315.2819172396503,1783.5505347857898,0.6829198254343531,2071.235641746921,88.77338700822355
Tabasco,Pozo Sur,97,1416.2993129059248,4541.168082494831,0.23244729307166906,2415.3562373162504,67.89288021426276
Tamaulipas,Pozo Sur,87,1239.8398021820828,3952.569434384419,0.5404178575535837,2532.533181987994,94.75497093876966
Chiapas,Pozo Oeste,55,1016.1469640764523,5889.665585045177,0.5575578368165052,2519.3945597038983,75.67131908969314
Tamaulipas,Pozo Sur,92,1703.348478779284,5357.133478457665,0.6575544388043375,1949.3683408792456,93.31989628399121
Chiapas,Pozo Oeste,32,1262.8523202317556,4387.676711507639,0.11832967425602799,2433.6912717411838,79.85985712352966
Chiapas,Pozo Oeste,50,1594.1360684320568,4478.05453595768,0.6232290030682046,1894.6386478876302,60.4367837593264
Campeche,Pozo Centro,7,1437.8696073683768,4445.41677302782,0.41633570850388013,2460.786826148484,86.5742810841266
Chiapas,Pozo Norte,93,1216.0336650558258,4429.356461112972,0.4795264659794968,2154.53198293905,86.03714220494122
Tamaulipas,Pozo Oeste,8,955.0747721315931,3499.8983008276828,0.4866821662726202,2996.975029883906,95.57285888347135
Chiapas,Pozo Este,65,1093.9737804618746,3304.848456050009,0.5918786829908365,2441.7351652535617,103.67200686207045
Campeche,Pozo Norte,57,1044.5218868016118,4826.142095143569,0.3000443932954663,2680.407406938373,107.94891291900159
Campeche,Pozo Norte,67,796.3702610876826,5767.782725423419,0.539830713915996,3138.805422958498,95.36985056165064
Tamaulipas,Pozo Norte,88,1262.5703937399257,4316.079272314923,0.4171468658333183,2113.9093661189477,88.34343030479101
Veracruz,Pozo Centro,87,1491.8382504898523,5073.100275831641,0.5760364085832086,2552.486218817069,67.87199692581441
Veracruz,Pozo Oeste,59,1025.4241263621384,5460.834825459053,0.69432761966208,1984.9311467685038,87.4242512438801
Chiapas,Pozo Centro,72,1640.9141248061842,3905.959614974529,0.22039061044225675,2520.713952887472,87.5792820392672
Tabasco,Pozo Oeste,54,710.6043035345665,4782.022114152087,0.6967891849359987,3017.998243257641,82.61631688412767
Chiapas,Pozo Centro,67,1363.590887096801,4200.131566853836,0.1538872925696644,2180.240874945374,92.5956118072097
Tamaulipas,Pozo Centro,51,1517.8800588513525,6245.507542648164,0.10139052874288833,2089.9159903468912,98.46286853178562
Tamaulipas,Pozo Este,97,1048.9923547547348,6206.213556175902,0.12649716170669875,2368.089018268503,75.17915283365579
Tamaulipas,Pozo Centro,92,1053.4858737142797,3906.8914441126344,0.305069442842057,3116.0360508309,74.99218774960639
Tamaulipas,Pozo Sur,8,1360.6912939611002,5147.295944775893,0.4797437984070605,2669.8636219836394,83.32849585868045
Tamaulipas,Pozo Este,34,1226.4977774898837,5760.839370731242,0.1414177245327098,2083.279871780396,77.61724971150493
Campeche,Pozo Centro,35,600.6471641351233,5563.4965503386975,0.10339948871774036,2909.271203868619,65.30496157168164
Veracruz,Pozo Norte,96,889.1567113651548,4873.406731485929,0.6622546170752768,1820.7279526833845,73.04088716412458
Tamaulipas,Pozo Sur,88,1096.612612988135,5975.901715587913,0.5931559815639578,3147.795695080954,70.2121462355507
Tabasco,Pozo Sur,78,757.5754550787333,3985.9367799095107,0.5855099026834186,2699.757738005306,99.50140609621783
Tabasco,Pozo Sur,32,981.4564208925241,4527.216350044777,0.6306545653011862,3017.245104002351,105.43392407211134
Tabasco,Pozo Este,46,763.8286436890164,4010.1218222163825,0.5200205636632627,1823.2706620655877,71.85479851246495
Tabasco,Pozo Centro,16,1007.4573423616524,5504.244145230559,0.1626424778488489,2459.3046408008904,91.55288215764534
Campeche,Pozo Centro,68,1015.8443181697098,4275.626813130493,0.33946011284423383,2353.1388757019995,95.48219709363701
Tabasco,Pozo Norte,37,1187.9386691484283,4645.875742106623,0.5338896918787777,2047.5571842936756,67.09277456008164
Tamaulipas,Pozo Norte,54,1077.060169000125,5355.903331439174,0.2682006764749125,1946.3917329120127,86.93174736614799
Chiapas,Pozo Sur,85,1225.697430260189,5428.424922400034,0.5124438184817426,2577.478440565842,115.40219398415832
Tabasco,Pozo Norte,14,1195.8860018684804,3983.5862883702744,0.11469906896059141,2609.2060978397685,93.12576239629158
Campeche,Pozo Este,95,1357.8349985660775,5750.989755395513,0.28368240452775595,2854.9909163540133,82.05639350400963
Campeche,Pozo Centro,55,1318.445760240029,5210.120701800526,0.4294782017663036,2223.802631335609,78.2777616973815
Tabasco,Pozo Sur,48,1292.0309587836791,3826.467444377639,0.4792538977037454,2350.4365664454667,60.73046098334926
Chiapas,Pozo Norte,82,1876.2168571166803,3605.0556938190484,0.44622439867714647,1916.1390262688678,90.64568387340078
Tabasco,Pozo Este,7,1186.8506591605822,4785.762260764139,0.5186537656440577,2939.2750341981623,108.37380144705179
Campeche,Pozo Este,74,1748.3928759647154,5565.084590385128,0.10365324894390344,2424.341830715035,75.23747494722495
Veracruz,Pozo Norte,7,1203.0546005609833,5588.144276160882,0.1605647199865129,2652.905975567037,61.77298384579527
Tamaulipas,Pozo Centro,33,1079.287271298527,5120.550189502358,0.621366551367487,2665.266888638854,77.02930982376131
Campeche,Pozo Norte,23,1006.7087044467007,4843.8073544941435,0.5090491864540967,2910.6875050556923,95.5791969517385
Tabasco,Pozo Sur,85,1477.4314496121074,5260.563902171105,0.1677589856116068,2109.0101864563912,79.85799994213498
Tamaulipas,Pozo Norte,19,1510.1258482219846,4030.2025370496676,0.6052446624391475,2644.1553101215122,75.15438288504293
Tabasco,Pozo Este,19,1249.9459639911822,6318.289076722853,0.24533873069474016,2391.2469527918356,85.2298589806943
Tabasco,Pozo Norte,36,1383.3866936256763,6306.544576310269,0.38695593051713406,3136.986973219221,87.75640896601426
Veracruz,Pozo Centro,29,780.6948835192292,5185.931083158628,0.18711790773079617,2107.972537351394,68.33931831073966
Tamaulipas,Pozo Oeste,60,712.8050443719471,4977.570377993567,0.526066033853024,2809.9992217173553,82.39259563675812
Tamaulipas,Pozo Norte,82,1411.5817214493634,4429.721124606567,0.5001126526085607,2522.619622729939,79.03278863293194
Veracruz,Pozo Centro,2,1068.2971255242446,5275.873961219695,0.2266674826996817,2504.2496329721075,77.309147809023
Campeche,Pozo Centro,1,1287.3256043493757,4177.814366084901,0.6180404601142011,2418.9072541166215,72.79555996730262
Tabasco,Pozo Este,47,920.6780125109805,2798.7491721040224,0.34078361453182726,2871.3330379928757,96.29509425753757
Chiapas,Pozo Centro,69,1514.2471174261939,2357.3034295580223,0.2755090546424451,2492.348095375877,77.26735685442367
Tabasco,Pozo Centro,20,714.895332027741,4080.451500152862,0.19139775367872128,1866.454631657658,61.06065657024058
Tabasco,Pozo Centro,11,753.6037283793278,4940.74031062645,0.25970080750932245,2826.8262490492857,88.1715738637052
Campeche,Pozo Centro,2,1461.0778959280863,5098.774560558135,0.1132161527342902,2762.6706412461026,93.70239367207822
Tabasco,Pozo Sur,67,447.53955175427484,4361.918692341644,0.4499544954736694,2605.4981894744965,75.44780721740946
Veracruz,Pozo Sur,87,1194.642217023729,4927.651650428613,0.6053384478063687,2005.0342295883588,78.2840477225924
Veracruz,Pozo Este,12,1073.1685011008558,4553.194478650922,0.4293882696649851,2059.409623922538,77.21135535485953
Tamaulipas,Pozo Norte,20,916.0120201999925,3900.618518114876,0.23156437715432543,1742.8949901673618,80.84015966283867
Chiapas,Pozo Centro,5,1050.0150378524079,4751.6299419277875,0.12020150692832364,2561.115455612935,98.28220218627786
Tabasco,Pozo Norte,37,888.1191267275475,5531.661401129084,0.2287768439552817,1927.6579031389706,83.63128993153173
Tabasco,Pozo Norte,38,1485.5639865121248,3941.34442702831,0.34967285684265537,1798.4371874982423,95.07512254800646
Campeche,Pozo Este,94,1551.1242720904024,3941.755848282272,0.5557668572198778,2846.2461917550154,73.37402042143897
Veracruz,Pozo Centro,9,928.5656033029138,3837.6744654430577,0.21270571152266446,2668.862847561996,80.39571496502819
Chiapas,Pozo Centro,98,1168.8812193671329,3057.133138942696,0.5318748720128117,2283.3899173091754,96.44816579016768
Tamaulipas,Pozo Oeste,53,768.7308822659882,4367.817863267683,0.6201600810111302,2353.0836958599816,75.33273521888489
Veracruz,Pozo Norte,44,1368.2630397507817,5442.677501657277,0.37236810886501426,1557.42952755562,97.14563753090236
Tamaulipas,Pozo Norte,99,1361.7522936608286,4956.5244754503865,0.592859194985556,2720.860721670727,77.45939090805834
Campeche,Pozo Sur,86,1026.1844418230776,4647.674204349324,0.43279440882105735,2157.5439874289605,81.14004981929897
Campeche,Pozo Oeste,24,1104.2212646049738,4916.158318416152,0.48225450224854294,2515.6018020965994,105.0419510481871
Tabasco,Pozo Sur,81,1076.5586376193323,4359.916661313758,0.41576707620292164,1529.0032083729807,79.77017227400522
Chiapas,Pozo Sur,74,695.385541579931,3046.9020264628753,0.3779036300508051,2742.148811256541,86.74414963300762
Tamaulipas,Pozo Sur,30,1486.5010369000317,5505.346903633109,0.2407920650655096,2136.5043307149967,92.39723707026083
Veracruz,Pozo Este,59,908.2616902793923,5764.012116406186,0.2819164356766276,1918.385207673726,87.71810379606414
Campeche,Pozo Este,87,909.9626819355196,4144.658901538992,0.2739820713661654,2281.1394279290716,88.06064018667492
Tabasco,Pozo Sur,96,1062.3950363845418,4664.247941454099,0.4379733585722888,2191.2616737225803,84.3215230722192
Tabasco,Pozo Oeste,81,1348.8871463405696,4586.700746045856,0.17197221581433397,2775.9936645184534,69.37312949180412
Tamaulipas,Pozo Norte,81,952.1741962269923,5116.159928482088,0.650075014421401,2252.8617071734307,89.17947196119711
Campeche,Pozo Oeste,14,611.9536946491389,6320.904110963661,0.532393087169868,2876.9159593146787,76.21037851586014
Chiapas,Pozo Centro,9,878.2504848176166,5843.8121207603745,0.34086737854791616,2515.5499155261755,94.30920660883812
Campeche,Pozo Este,40,1206.0351047697477,4460.777197127493,0.19517448671582677,2713.028760524331,101.46473708739623
Tamaulipas,Pozo Norte,66,1647.4375719522968,5288.217475350213,0.6291953018329814,2399.2417413702397,63.33331286299581
Tamaulipas,Pozo Norte,25,785.020008406711,5928.921181715441,0.5942668540606991,2845.220643818959,101.48569392912526
Campeche,Pozo Centro,73,775.8745581297928,5167.510647955301,0.5330329316303076,1996.2316034010635,80.06730649759548
Tamaulipas,Pozo Centro,22,721.851124790296,4795.770536003844,0.2629282284467454,2439.7685601230146,83.42860933378633
Campeche,Pozo Sur,4,690.8187521751647,5201.400085200467,0.3414679824602014,2261.2474596990046,74.05135056985132
Veracruz,Pozo Este,26,1401.4228650203577,4167.055629692874,0.16164895147145403,2888.819967827559,87.26161274879532
Campeche,Pozo Este,58,1473.672143841095,4298.446988306327,0.21342371483651904,2924.6620416307987,85.80177859812886
Campeche,Pozo Oeste,29,1144.4389733951007,3842.369188319012,0.5698099823900397,2400.1474407329915,97.92307390351421
Tamaulipas,Pozo Sur,98,983.0718069647858,5076.358064913219,0.5290232313104103,1947.9711146164682,76.10328068043691
Tamaulipas,Pozo Sur,87,1547.7859467156566,4681.737384579986,0.4560914577855608,2549.4840608770837,104.9296288232549
Tabasco,Pozo Sur,37,1143.4770104141262,4059.1937447867285,0.6374360355557037,1817.3865927381817,92.97656903570667
Tabasco,Pozo Sur,75,1372.3591773401085,4652.238529541545,0.44995991068782726,2969.1499795740892,86.0916277213049
Veracruz,Pozo Este,70,970.8877645695461,5222.998434686853,0.38018079997816645,2234.3904752773865,82.83058763325411
Tabasco,Pozo Este,18,1111.0609635559435,6523.241075398193,0.30422244778345764,2389.3004428038766,81.32116663439379
Campeche,Pozo Sur,85,790.6645886382385,5710.861078233473,0.6642691034417035,2161.667123467636,82.10387470712195
Tamaulipas,Pozo Oeste,42,1257.3122429733962,2744.266928265894,0.14962927691461209,2084.376444654713,87.02082348322568
Tabasco,Pozo Norte,100,1147.734437693329,5015.377620138311,0.658532423236485,2658.0519607914684,82.49200047167521
Tabasco,Pozo Norte,41,876.359191896554,6086.3918364415695,0.596028795958611,2344.4841630320375,77.31364652191016
Veracruz,Pozo Oeste,38,879.7232126183847,3595.9138579107907,0.17795795472142079,2414.868888623111,87.09351153804043
Veracruz,Pozo Sur,34,1503.989625834686,5296.403343191181,0.4389906146051521,2048.638122273406,74.96454257529535
Campeche,Pozo Este,17,1592.9171876154542,4587.022033022059,0.619928789049452,2699.620728223964,88.86960281202096
Tamaulipas,Pozo Norte,37,1046.7161658331697,5835.261477824544,0.4430854981642922,2735.2264072979033,82.32319557423111
Veracruz,Pozo Centro,25,1116.9383931905406,5163.831475512107,0.6443198929363734,2326.8750295921477,93.36077091078212
Tabasco,Pozo Centro,76,1200.0286186620542,4004.3860908967144,0.6657902900896254,2843.7727466661604,96.86889052834573
Tamaulipas,Pozo Oeste,87,1137.0079395399218,4619.233669538442,0.3534307133105835,2363.556546021417,96.86416672413687
Tamaulipas,Pozo Sur,86,681.4255698653424,4672.473891557139,0.32638819684379416,2672.9144237010873,88.8172606726315
Tabasco,Pozo Norte,85,1206.9676692975966,4689.139606670956,0.6617926923814941,1831.9753467094658,90.21797464920215
Veracruz,Pozo Sur,27,578.0277413498478,5807.336650297737,0.5050840366898008,2523.7008032702443,81.12698768657877
Tabasco,Pozo Norte,57,916.8289521855952,4041.642070748793,0.16961360880890158,2304.9814863375727,93.13167626180017
Tamaulipas,Pozo Oeste,31,1226.3567866562043,5702.746178695065,0.12537504953360873,2454.4328490842486,94.48601632794067
Chiapas,Pozo Oeste,6,1249.9985519812094,4527.975291670632,0.43877743059835783,2438.7388419795393,66.19205015770567
Chiapas,Pozo Centro,91,897.4817289476275,5001.159995696248,0.6581025792630547,2443.9949377619446,89.54016634728717
Campeche,Pozo Sur,40,985.3907649532706,4865.139827652931,0.606549221443491,2615.4952552768937,101.4175576925064
Tabasco,Pozo Centro,98,951.5408727503866,4780.3751957263485,0.5055086478786018,2202.1892289379075,80.72451646474259
Tabasco,Pozo Sur,12,1074.2889592159825,4787.75744899921,0.1834695093346525,2599.177740837475,78.10543628639344
Campeche,Pozo Centro,53,1093.301413341084,6111.622702443919,0.25253883024921736,2831.3837090912675,79.96163846696416
Campeche,Pozo Este,71,1267.1170323822776,5558.2049324155305,0.6253067359315696,1906.4506482568868,66.94148808605048
Campeche,Pozo Este,10,970.7757842775541,4473.555879378063,0.20968434199414027,2126.810965619736,86.51180745338692
Tamaulipas,Pozo Este,45,1193.3490479783889,6224.508528709883,0.26706364495026075,2141.512601074585,85.35958528116701
Tabasco,Pozo Este,17,1226.7539411217979,5047.212966593567,0.17776039071726518,2017.7839701921644,87.36432199452761
Tamaulipas,Pozo Norte,26,1149.5723443429663,5121.861833391505,0.5056649388486467,2233.855780627029,89.99171945461363
Campeche,Pozo Este,85,1035.0985443876314,4046.4128286017476,0.6663893832179257,2761.591480389944,75.42407917382228
Tabasco,Pozo Oeste,92,1145.1613660688602,4352.2512074353735,0.2613808189572316,2906.65542357935,88.27839038826453
Tamaulipas,Pozo Oeste,62,1287.935068348394,4180.3468428655415,0.3852439647100442,2437.161239411276,90.31838391898876
Tamaulipas,Pozo Norte,46,1309.7962169290781,4877.465578494308,0.4806038438267226,2286.51739620313,79.13929923019562
Campeche,Pozo Este,64,1553.8431712067265,5374.9047715033885,0.6996797489293783,2681.023389178231,90.04141597902367
Tabasco,Pozo Este,2,852.4934409234346,5130.509069479992,0.16288483899854328,1572.611027011737,85.9684795166409
Campeche,Pozo Este,54,989.9981522511493,6229.239740462624,0.39914247970342553,2030.6875347638945,77.42572276667944
Tabasco,Pozo Centro,65,696.6328349328994,4001.0177953098882,0.3310720719415,1587.4293576550297,88.39346435780412
Chiapas,Pozo Sur,51,1332.7523660819638,4903.382139184994,0.6194920991334131,2027.0050989255953,81.51147107976136
Veracruz,Pozo Centro,53,1016.3731234108133,3645.3546036315347,0.38558063860699354,2131.5438655843,93.36478328817265
Veracruz,Pozo Sur,36,1151.5477455073317,3970.316125557064,0.16658651475108888,2917.1886572781873,82.13000343917155
Veracruz,Pozo Este,26,948.9153576383401,5938.120539604617,0.48065448717195014,1500.0,69.52281301881928
Campeche,Pozo Este,29,1018.3240012555436,4383.151620175681,0.5624683709583278,2254.154089917983,88.2038438263318
Chiapas,Pozo Centro,21,1405.7975263566645,4076.972583545756,0.10172875099936876,2616.8482652623375,87.75283897397722
Tabasco,Pozo Centro,11,1273.558352621496,2883.020811975348,0.6153740112523777,2543.7557321441827,72.02635464642806
Tamaulipas,Pozo Sur,40,1072.1194855852636,4067.9808169899743,0.21161380000339938,2911.6083467372127,94.00643338522367
Tabasco,Pozo Oeste,11,1291.9534798690993,4615.247753224519,0.4312416187920267,2456.368017508806,93.37865003362575
Tamaulipas,Pozo Sur,36,1297.4750200094686,3578.3373361924105,0.3494785004124701,2530.9973631684006,74.5602376903011
Tabasco,Pozo Centro,59,1002.1436208283162,4563.494949915778,0.5317922899663182,1756.5226088691074,77.08448438728107
Chiapas,Pozo Centro,39,732.730109840948,5943.567954592401,0.3226969688714451,2054.105899638117,83.29590864364567
Tamaulipas,Pozo Norte,99,875.2095932494902,4163.425193704501,0.6218579060090265,1776.0533397931918,75.89377442754835
Campeche,Pozo Centro,54,764.8678491543708,3950.955255567058,0.5382978165752741,2600.412837769935,92.68476621894013
Tabasco,Pozo Norte,98,1391.1086614982269,3788.488679821416,0.4886279026377529,2522.041658115036,86.78766339192651
Tabasco,Pozo Oeste,55,1434.5288041119202,3772.4123167357798,0.5777443573377126,2509.73828854923,71.87731424934117
Tamaulipas,Pozo Sur,24,1496.593470039754,5282.019702199586,0.5524138209570294,2091.4982370396738,75.13034904580852
Campeche,Pozo Sur,22,595.1111127557078,4843.801863194745,0.121563204952932,2059.467577239167,99.25263012599682
Campeche,Pozo Norte,69,1367.8502275934304,5661.171191348017,0.3368406123068969,2473.306426303746,103.42674853498498
Chiapas,Pozo Sur,56,1653.0478273461713,6617.85410248883,0.6584843783898938,2165.714881530103,91.4647477126301
Campeche,Pozo Centro,33,1377.9969284526612,3152.647981281767,0.17543456139533575,2042.858402658717,82.46469693819624
Campeche,Pozo Este,36,562.1925955323326,5142.0708375975955,0.5422579302592307,2222.063720059676,79.72044505112108
Campeche,Pozo Norte,20,1542.074577099193,3793.2425990097963,0.6847550868011978,2168.740287387642,91.59639301973206
Veracruz,Pozo Sur,83,1110.4222592829854,5510.009368230106,0.13131917742698299,2096.6469588800414,85.91104641111384
Chiapas,Pozo Norte,99,1041.900223374882,4555.279199033907,0.5093163283759663,1970.9812641348394,65.67914263102747
Tabasco,Pozo Norte,81,1212.7738241457446,4824.5904847777565,0.3808924847806182,2557.041418918617,97.38241579041797
Tamaulipas,Pozo Este,62,837.7482693573784,3645.1403148631725,0.4475051532248333,2944.61730381697,101.14963920835443
Tabasco,Pozo Centro,98,1100.6955927303948,4416.21567739815,0.1512048018905949,2386.3485297834713,93.84703039531837
Chiapas,Pozo Norte,73,1505.1074112760184,4880.696025997434,0.1258041711201637,2477.851947939475,71.9006656644615
Tamaulipas,Pozo Sur,26,1255.599217630822,6020.470332126038,0.500119996330553,2587.732248410596,77.35808260331993
Chiapas,Pozo Oeste,66,1114.600368025667,4084.895525332301,0.5939856578924307,2528.2980150175927,62.70736166370747
Campeche,Pozo Norte,73,1122.4020399819021,4304.3775856227185,0.5692092009597803,2103.580685089057,104.15258189674667
Tamaulipas,Pozo Norte,73,804.6515041752996,5649.860677964053,0.42628343671974245,3001.946173885905,80.71913724089167
Campeche,Pozo Este,40,1062.5030271500686,4026.5937446706203,0.1599200926817069,2134.941320212714,112.99947185979738
Tabasco,Pozo Centro,17,691.4261660925581,5828.146629576713,0.5128266663016083,2626.8309276311434,108.46276037089333
Tabasco,Pozo Oeste,1,1355.6102380984526,4791.822082746369,0.24513333013248756,2585.566957570019,74.15888300357267
Tamaulipas,Pozo Sur,89,553.5723793811643,5072.810665432659,0.6466412216604301,1714.5454602528766,76.50078712716385
Tamaulipas,Pozo Oeste,61,1313.7250949051775,5130.770072258433,0.602959215727423,2274.4037540804784,90.59428410816544
Chiapas,Pozo Sur,43,1344.8527252085155,4245.401501934053,0.5256297802524346,2419.8199581342597,63.945494753604756
Chiapas,Pozo Centro,42,1429.6911539317985,5150.898137525156,0.6693075734986782,2446.6029239985,79.74089059145726
Campeche,Pozo Sur,25,1121.7147907904507,4104.86719411713,0.11885309290676377,2505.4971804308684,78.54209198551926
Tamaulipas,Pozo Este,39,1329.1571165393823,4348.107296311008,0.5417202550364572,2665.182005528992,107.2139913033605
Tabasco,Pozo Este,35,1060.063339908696,5302.821869429948,0.2981456676018432,2397.3696225052277,86.93221462605347
Chiapas,Pozo Este,3,803.3257205780167,5064.054560077713,0.6436395314118191,2524.1161488062803,81.58279626955364
Chiapas,Pozo Este,44,1482.6830981344988,4732.531544244857,0.26000511799718656,2384.265894629666,77.42218320777638
Tabasco,Pozo Oeste,51,1075.7785425962313,3667.14151566329,0.5349138995890103,2043.9332201358293,95.72859516789752
Chiapas,Pozo Centro,94,747.6221706317015,3891.757539585333,0.6265882117904688,2411.340504479386,79.0394701128351
Campeche,Pozo Sur,98,983.2962635525545,5049.038139514486,0.12499409102960946,2662.1814454885744,84.39660430765
Tamaulipas,Pozo Sur,12,993.1688293579572,5458.926507136604,0.3385885477552216,2788.075933866378,77.33051773033642
Tabasco,Pozo Este,19,1215.424229531053,3801.3190459313187,0.5573854192131632,2588.0604801404716,66.78955441581527
Tamaulipas,Pozo Este,44,1686.7618708431828,4044.1572772930494,0.37295133370455225,2867.0226140822547,73.04757846756803
Chiapas,Pozo Norte,59,1230.6046533206413,4920.766656759947,0.2603515778761572,2546.6026615931432,78.97633951162368
Chiapas,Pozo Centro,49,1151.7109629991314,4901.509076366184,0.231883209293914,2702.357937584093,81.84094203683645
Tabasco,Pozo Oeste,61,1713.9440498906388,3338.4385121150626,0.17891096014982677,2728.086902247925,82.36691288891791
Campeche,Pozo Sur,17,1344.7233849781815,4945.40671209599,0.6142777359137693,2321.8273106906927,83.93296359377486
Veracruz,Pozo Norte,74,1163.5623010337322,4261.468970792803,0.4452132419509336,2654.1012013986838,79.13574843818789
Tabasco,Pozo Norte,57,980.1470352954763,6276.941966756062,0.14583096699487358,2070.77428582568,101.18951617802088
Veracruz,Pozo Sur,55,1179.0500190511402,5024.278688462091,0.32954819414238123,2522.4343198921024,96.37580943828378
Veracruz,Pozo Oeste,47,1083.4023989767159,5179.326104888312,0.3206401904830659,2601.9590393339586,83.37868879370994
Campeche,Pozo Norte,12,1122.8585318897492,5202.62337197155,0.2090435144256778,2767.8832922447655,88.05109935689195
Veracruz,Pozo Norte,62,1428.600606192368,3707.4653574126924,0.3613045752833144,2687.265756393457,80.53494110256455
Veracruz,Pozo Centro,80,964.919454215628,6549.489203797743,0.29925961923588185,2772.43996416715,50.878176495378696
Campeche,Pozo Oeste,88,1228.3851770408785,3339.379877293944,0.30508222329530954,2365.216884455752,85.2459161551123
Veracruz,Pozo Norte,83,1337.2349974593985,5516.132827529768,0.5434159346727752,2279.1123958654834,88.66737233501459
Veracruz,Pozo Oeste,8,934.4718707938976,5356.797543732584,0.2339580313031178,2303.7854347400344,65.64805890351727
Veracruz,Pozo Sur,95,894.3446461277248,4370.697858078336,0.48511597531321327,2493.1993056570204,90.99293283033523
Tabasco,Pozo Este,21,1062.414519354774,5399.80528504205,0.44238977432856097,1766.9385445252117,81.63307986466229
Tabasco,Pozo Norte,81,984.5926024358848,4514.184121058636,0.4408555074027204,2866.114939638094,89.05520464761595
Tabasco,Pozo Centro,87,1388.083152185376,4192.0846996298,0.4978044076850655,2415.3556759401413,81.99521623155897
Campeche,Pozo Sur,80,849.5579303588363,5222.603252417634,0.42902922171739233,2254.749446182708,100.01145369072219
Chiapas,Pozo Oeste,70,1117.1178421321674,3894.095108020888,0.6275530689078307,1514.5993262880888,87.71474584700904
Veracruz,Pozo Sur,72,1736.5120833511187,4598.170357118187,0.5053480551701559,2387.115272837601,97.02899750406408
Veracruz,Pozo Norte,25,1203.2641334465457,4265.240926143038,0.42817795082283283,2330.5332197234857,98.01671370609934
Campeche,Pozo Oeste,82,1244.8225360762212,4497.618441384349,0.5978578721725869,2086.033749274161,71.56533128693907
Veracruz,Pozo Este,89,1390.1706239242812,5189.4557392171655,0.46368793896008786,2164.4336042055456,76.13179755974623
Tabasco,Pozo Sur,12,984.2627336436601,4265.070264888414,0.2746865486711074,2390.6771744441926,90.41932819271507
Chiapas,Pozo Norte,15,829.6450928136491,4626.908478234872,0.22425695090594272,2194.117239144311,80.61355259490193
Tamaulipas,Pozo Centro,59,1144.1278190406863,4347.169273288577,0.1913966713976073,2600.1573231624243,82.13671876892445
Veracruz,Pozo Oeste,26,1166.3509570871342,6099.596999017091,0.6396731275276609,2137.9257439745943,100.43877786604732
Tabasco,Pozo Sur,26,695.4473013217097,5108.351158392501,0.5260812590788395,2454.1129503322722,81.27560346169516
Tamaulipas,Pozo Sur,47,1193.7679786706944,4998.062669670047,0.6624270628985924,2813.0158790839096,73.37284782101702
Chiapas,Pozo Este,32,1367.4626246752598,5415.076654161082,0.46197508342896576,2387.191448103107,74.99439998037286
Tamaulipas,Pozo Este,10,871.7629817439977,4265.278880902602,0.3840405288969475,2524.591993385911,111.18827801431242
Tabasco,Pozo Centro,16,1208.8889620937034,5573.3315024998565,0.1358298933825336,2502.4279855902096,82.86136623537716
Tamaulipas,Pozo Centro,71,1323.0659150925335,5111.559971249468,0.5029853689276179,2402.798914866043,68.62902693738508
Campeche,Pozo Norte,17,1246.66955213252,3395.1981875213414,0.44932525586093874,2376.547500319771,63.76649685620087
Tamaulipas,Pozo Norte,23,1270.2515596853893,3514.772250209312,0.6941253361525728,2200.019022492531,77.50436028791064
Veracruz,Pozo Centro,26,1038.7999395484246,4284.932652494341,0.24349526666934582,2452.8543016952367,82.64173456687139
Veracruz,Pozo Centro,85,818.123915564851,3611.0941537213466,0.4184424131721015,2300.8563719061867,96.39008447713206
Campeche,Pozo Oeste,86,988.2133844040218,4585.549385370376,0.4905744010708436,2941.1315588821476,95.2281419975412
Tabasco,Pozo Este,7,953.4857245323437,3887.6358077257223,0.48675470484540617,2683.900140688469,84.92384294712598
Veracruz,Pozo Norte,14,1079.9352384481135,4712.049252236173,0.4367761257690417,1891.521436439079,79.54997696608493
Chiapas,Pozo Este,79,1373.3177263649825,6070.53843833831,0.5661568061963352,1910.994700623673,89.07522224106027
Veracruz,Pozo Este,7,772.0399679589578,4755.560786799433,0.22298872571608985,2354.3390458362223,64.01504708636335
Veracruz,Pozo Centro,9,1136.0625057043478,4527.3319905882645,0.5353763201646495,2261.643082896089,108.77297072715061
Tabasco,Pozo Oeste,48,834.1495886205369,5149.41838300681,0.47184074285985356,2335.882128622326,92.84926715027933
Tamaulipas,Pozo Sur,72,914.9882705443072,4173.222186369657,0.637645067076744,2627.9065112283097,95.40388263673927
Veracruz,Pozo Oeste,59,1239.6851881529603,5559.0728784564,0.608316663420149,2510.507564607075,72.11015941748067
Campeche,Pozo Oeste,87,802.5137366585752,5245.691657811701,0.28908822347953195,2506.970230660354,100.39178369555916
Tamaulipas,Pozo Este,93,1283.5610724257447,4834.9790058437075,0.26574239498509183,2906.168132923388,79.47979406768445
Chiapas,Pozo Oeste,82,761.9588883438188,4938.884248470228,0.6889919943114686,1913.8879560394223,73.56930252617724
Tabasco,Pozo Norte,95,1266.74510085954,6637.571319506566,0.4163591085491539,2436.3785919521147,84.52993155272536
Chiapas,Pozo Este,94,712.617182605372,5648.080989241082,0.643852578348662,2197.331608218461,84.24933896813951
Tamaulipas,Pozo Norte,39,945.5468301858461,6779.573968045201,0.19832861426828932,2902.402525043773,72.05755512985604
Tamaulipas,Pozo Sur,99,1574.1235957823903,5278.827173963207,0.48569134888010457,1626.7269379618297,74.26075175750361
Tamaulipas,Pozo Este,18,1527.1365924417216,3475.477701596381,0.5859161124163517,1642.0814450004495,73.3212186960634
Chiapas,Pozo Sur,59,996.8688368707137,4564.043667422543,0.6684371497518681,2506.6227037218177,73.4354191857181
Tamaulipas,Pozo Este,17,1197.4901465074754,3269.81561290674,0.30240408461021406,2794.2037957634516,80.3428251148048
Chiapas,Pozo Centro,14,1401.017004721221,5275.472731200227,0.5349887019544315,2670.6390124609675,68.3321783659305
Tamaulipas,Pozo Oeste,31,1270.3240436051178,5470.863777610862,0.4232878054237714,2119.656722338802,76.70350603103277
Campeche,Pozo Centro,24,1031.633938386294,4002.6756036366487,0.1363773556398809,2927.247602700553,97.54161458061122
Tamaulipas,Pozo Sur,99,912.8411714909167,4209.927258317832,0.513999842385366,1968.9859379920272,94.8797134252502
Chiapas,Pozo Oeste,60,1317.0257857394824,4933.875806611693,0.514057934942706,2857.6194663401707,72.40144910928694
Veracruz,Pozo Este,45,1382.6758271536253,3721.706343062204,0.6583640829079221,2015.2701123746497,96.4984590075308
Tamaulipas,Pozo Oeste,98,1528.925458598597,3654.1562076817204,0.39838746770138345,2276.8615396819723,61.40272877036741
Veracruz,Pozo Norte,3,678.1876441367322,5914.768843237009,0.2381505524263088,2623.744338249921,114.14973186414585
Campeche,Pozo Oeste,37,786.718802949737,4903.239556347571,0.1267382940692075,1886.8272591863422,100.60375830562711
Tabasco,Pozo Norte,43,1390.4809005367702,4297.70157806464,0.34938531201154344,2914.1581891392684,78.28321705431871
Campeche,Pozo Oeste,40,712.1173633124558,3277.093000298503,0.2811500200465011,2274.71965900954,89.58911874082132
Tamaulipas,Pozo Norte,90,1409.637488727983,5567.116221205025,0.5566529836143254,2448.046647487401,68.18896806269045
Veracruz,Pozo Sur,55,1046.266873503652,4183.933609004727,0.312560658904628,2806.770276164263,85.72531347910976
Veracruz,Pozo Centro,87,969.7715451658288,6474.616001283484,0.6694427177889063,2122.4061291914977,82.7960436099704
Chiapas,Pozo Este,39,1151.3571490678673,5573.3790879241005,0.6773861217926705,2771.284790189386,74.98283932729126
Veracruz,Pozo Oeste,15,763.6578869411253,4072.672331033458,0.4725451541306248,2974.1867498123293,79.37731016408969
Chiapas,Pozo Centro,4,1306.0037076495878,4156.075472581675,0.6571961722089297,2170.5473509346475,78.19615029028688
Tabasco,Pozo Este,93,1522.4092494236743,6349.666046649898,0.5565126067086974,2879.285685408703,71.41915936818837
Tamaulipas,Pozo Este,86,1317.6440539535604,4724.166497848946,0.4281157845850757,1783.7974920154388,74.70223304924005
Chiapas,Pozo Norte,25,1038.3728268614648,4338.019894508967,0.20818476125366686,2536.3601381780986,67.69786688800345
Tabasco,Pozo Sur,13,715.4910730586398,4824.949519628913,0.375158766108304,1969.990519503667,95.28796918672741
Veracruz,Pozo Sur,82,725.1031359492667,4333.878614951589,0.43652467801757056,2729.8989919876662,73.81464704252477
Veracruz,Pozo Centro,33,767.5891744401731,5016.943629397349,0.6183769484410061,2701.159616947771,70.33574954115815
Tabasco,Pozo Sur,16,1096.9304307219206,4731.758740633563,0.38880002592139895,3127.082998456935,95.09805615779196
Veracruz,Pozo Oeste,42,1128.3500158181512,5587.957182460357,0.638604803606774,2897.449044033375,89.43544425207196
Tabasco,Pozo Sur,66,1317.1108776852489,4450.283307084786,0.5046093874140813,2341.9800808394907,94.6540126713875
Chiapas,Pozo Centro,55,650.9927533792311,4003.6652699793176,0.18219943783220283,2021.388379445406,95.99299869035985
Chiapas,Pozo Sur,99,1427.8025575981,4485.913773038773,0.6969888215950557,2597.9904778842865,108.24945876326109
Tabasco,Pozo Oeste,42,1273.6015797363427,4480.424491598358,0.4163395964523475,2378.7440063650774,83.12752279968178
Chiapas,Pozo Norte,34,1018.2909267344663,4730.219566325406,0.3351149778454473,2942.904265608496,67.5087078520539
Chiapas,Pozo Centro,30,802.5596145669749,5371.086259251502,0.49546825868171596,1641.7667048044777,88.2524536091455
Chiapas,Pozo Norte,13,1412.2851604227797,5321.918070724729,0.16533598838862346,3165.8198657510193,76.97194452544218
Campeche,Pozo Norte,13,1024.976509690654,5879.692808272712,0.4819231880520126,2586.196712664131,73.5099366002135
Tamaulipas,Pozo Norte,18,1094.9952751638928,4069.659290039828,0.3989416002995638,2115.44575739787,86.19910206660688
Veracruz,Pozo Este,32,1195.9029926969831,5149.8481107459975,0.34400444199914987,2656.896229596498,95.38903279611507
Campeche,Pozo Este,96,871.7002735545972,5454.587862318644,0.6718120127073395,2854.0974974513965,74.9680619008446
Chiapas,Pozo Norte,99,1029.4548552436877,4193.201634319323,0.413523830039232,2440.021411956291,100.29265704798063
Tabasco,Pozo Centro,39,1316.329225505095,4613.132052315859,0.23147048768196304,1782.277865549305,73.12463249196621
Chiapas,Pozo Oeste,46,1291.0240196240688,3225.019913203083,0.37537808762637914,2297.153537278513,82.07316134409444
Tamaulipas,Pozo Oeste,29,1293.2768016738094,5616.171925613162,0.6516324427436035,2763.7882685647483,89.63569458137042
Chiapas,Pozo Sur,62,811.205062214892,4606.051617912118,0.20565728279835682,2573.8326569795813,80.3452094957913
Tabasco,Pozo Centro,93,1040.8549123177147,5525.9077590129,0.22837422321294215,2345.2225392076193,63.687971932737554
Tamaulipas,Pozo Este,62,1000.9015412380488,4985.444566091562,0.10781774065425026,2857.9105408120026,96.12888990146567
Chiapas,Pozo Norte,57,1206.2947105686753,4633.351293922614,0.10851402963746032,2658.757044291304,77.51842791572767
Tamaulipas,Pozo Sur,16,1183.9144974122244,3366.477480582763,0.5976349761751075,2685.7187045784203,93.93878139272431
Veracruz,Pozo Oeste,56,1138.8568326857342,3526.542650355204,0.5392735641057735,2256.2778578067196,69.83027037966805
Veracruz,Pozo Este,10,1716.4334888549824,2466.168434092432,0.31302463387117496,2222.4157113888655,71.87876101484306
Chiapas,Pozo Este,30,1027.2984799639905,4293.64786545421,0.5189866943365437,1805.0140977609426,95.34920091466428
Tamaulipas,Pozo Norte,25,998.0442284828639,6850.423832863124,0.3371235557859821,2309.2128854219604,89.08609711290428
Tabasco,Pozo Oeste,84,810.8125824159861,3640.8473494338004,0.6717380775986964,2727.387218829345,79.73697147178387
Chiapas,Pozo Centro,5,715.5381685177824,2431.7113049220843,0.6802316088556208,2328.5673460445446,89.26037917805004
Veracruz,Pozo Este,65,794.9206556960562,5666.402027626978,0.33567626548560603,2555.938596285152,73.5515303734677
Veracruz,Pozo Norte,94,920.32951863918,6927.346082367031,0.6125331438045207,2788.919774828648,86.32310940986692
Chiapas,Pozo Centro,49,1427.5182736094632,5068.128958733822,0.5638534250184797,2530.491547129521,86.54264708068078
Tamaulipas,Pozo Oeste,3,1109.7909760904647,5059.859155247964,0.28599996230307356,2564.6801666162805,80.51462073770766
Veracruz,Pozo Este,45,1148.3326667381834,4521.106133720624,0.23922389734066357,1924.762138286856,74.9765715329109
Tamaulipas,Pozo Centro,14,1075.9316729494758,3185.1684925409463,0.37494079023570026,2287.102325564308,85.84298293857752
Veracruz,Pozo Centro,30,1191.3252482554471,3494.3592740308713,0.5688093043686437,3004.3192772738084,84.34022628038922
Veracruz,Pozo Centro,68,1450.5180368044607,4514.922003541334,0.6761006708372472,2436.3290133836326,79.41013505296469
Campeche,Pozo Este,18,601.517290932991,4342.39019397323,0.5581474413199435,3063.8583636988014,72.59422635783099
Veracruz,Pozo Este,62,1404.5843288963451,4696.344365007052,0.613124191011022,2146.9095292763686,85.1497245920256
Tabasco,Pozo Sur,37,471.2403868662483,5546.392341535343,0.4618385837023099,2481.881608247089,79.44013162196073
Chiapas,Pozo Oeste,25,1107.050677880482,4276.345951274681,0.6012446985052755,2266.062546856846,72.5841085547568
Chiapas,Pozo Norte,48,1647.9768386861037,5564.74508076415,0.5706525148020506,2607.1946397935935,85.52235772909734
Tamaulipas,Pozo Centro,65,1270.164484882886,4282.239261087507,0.32619132515576804,2713.253033821042,104.29966566466463
Veracruz,Pozo Sur,53,1193.2647338301592,5734.415633579181,0.4311941812724327,2610.863133495315,80.59806800911507
Tabasco,Pozo Norte,79,1600.4864917007433,4877.730810366081,0.5828518731938169,2764.64825031181,102.97331849490428
Tamaulipas,Pozo Sur,73,924.234275499714,4407.752693170639,0.12763404051397384,2395.3894540171855,110.37198057676115
Campeche,Pozo Este,15,1208.4918556162618,4862.364654494001,0.5848475694134979,2333.315071317713,73.5589731714679
Tamaulipas,Pozo Centro,49,1244.5292743684734,4535.81504205819,0.20673287442941407,1784.63244745341,85.10853049838757
Tamaulipas,Pozo Norte,88,969.3994664432436,4901.820813911974,0.40881017027286337,2623.4578273075977,110.24478301379571
Veracruz,Pozo Norte,68,991.4724551260049,5482.295578665725,0.5849652637335625,2460.264432284055,83.54704046309148
Campeche,Pozo Norte,12,964.0551416941651,4721.505961425915,0.2522926468940169,2376.2298418531136,85.4417457491848
Tamaulipas,Pozo Norte,59,1121.828743502141,4467.388032431597,0.2474844635836918,2333.213908090979,64.9599343075013
Tabasco,Pozo Norte,37,1236.6729014428283,3788.8354155802535,0.3416586390773511,2387.0921535296734,78.62005719616398
Tabasco,Pozo Sur,61,1130.8075682286656,5321.260217362543,0.6367856785465806,2317.317353975729,91.66706421602724
Chiapas,Pozo Centro,43,1277.365454357464,5113.445003762452,0.10026566886232474,2215.1881565028434,114.151391715415
Campeche,Pozo Este,70,607.7131785066131,3736.2514341652313,0.6408298579851609,2483.856108253459,82.64791799833972
Campeche,Pozo Este,39,1045.4372090642908,5551.944850128685,0.19228421478496466,2569.4556916265333,65.04848413298375
Chiapas,Pozo Este,56,844.1451724123385,3721.634370657898,0.6940518256404892,2130.3012299648367,68.13700971072029
Tamaulipas,Pozo Este,63,1175.4306281707245,5726.299612110504,0.6729081958230808,2259.742550784413,84.57052376874044
Campeche,Pozo Sur,46,1171.7293571680807,5419.076994468316,0.39680511375477,2328.382387057296,99.12648157662699
Tabasco,Pozo Oeste,88,1071.0944712606363,5177.698970338262,0.4076321486875769,2401.6846575818745,92.64824419450474
Tabasco,Pozo Centro,11,1227.5697526330177,4460.704356749668,0.3889296041655126,2355.1350856449817,90.52307036212152
Veracruz,Pozo Norte,62,1349.4531795660068,5318.201804399808,0.4812661873957136,2630.902419879738,100.70973264301115
Campeche,Pozo Oeste,77,1084.8698694234229,5768.734795717062,0.15443302134095863,1821.6715445036666,76.35725094977258
Tamaulipas,Pozo Este,98,837.0762779750745,5333.116728997356,0.1195707690049399,1883.736980580959,85.22913663949079
Chiapas,Pozo Oeste,25,704.6856072701298,4196.7749804463865,0.13462175704953933,2467.7492897387524,78.75541455757126
Chiapas,Pozo Centro,71,1109.027543832532,5040.666284119918,0.3666192095449087,2189.0599532602737,81.74253117457512
Tamaulipas,Pozo Norte,52,1160.4666753783852,5818.831487665532,0.26532876353169005,2709.4848070208336,72.92476774809418
Veracruz,Pozo Norte,4,857.6190276200052,6779.188362501032,0.47322373742259627,2809.4303334059928,80.87228714279445
Chiapas,Pozo Centro,59,1281.441705790758,4615.308322950724,0.6954653736248674,2481.811511748019,84.66741320505521
Campeche,Pozo Centro,72,985.2607785438566,5572.094795518287,0.33179390384587953,2024.8087793040372,80.5423420016614
Veracruz,Pozo Este,20,685.8917837072124,5821.032468075887,0.44430475246270806,2769.1077306794705,83.06726196383438
Campeche,Pozo Norte,93,1414.1090855862972,4068.8355009092124,0.34936233754440127,2469.6159317526144,89.86048652124623
Tabasco,Pozo Oeste,63,1385.9969798005409,6403.870486255333,0.6083630006331155,1879.5724096155088,99.8643492287728
Veracruz,Pozo Sur,54,596.1001408342255,3841.3337843248987,0.6413418420773428,1910.5181231771855,100.73387041735117
Chiapas,Pozo Sur,74,959.3499295865769,5528.0869635296785,0.626413367323156,2930.931376398026,94.13706120876391
Veracruz,Pozo Centro,98,949.6040796464309,5074.78780159236,0.6846233432075545,2872.8975696414304,69.8802222587402
Veracruz,Pozo Este,57,1509.8721648543756,4850.018003998344,0.11651151108424918,1518.9999002663144,80.67508017316176
Veracruz,Pozo Sur,90,1075.176822489586,7092.1499533037795,0.6038896972873186,1924.7731866597433,81.70857963144879
Veracruz,Pozo Norte,41,726.0304504861456,4528.870288205879,0.5510633038234559,2799.2994234675793,77.11420203053723
Campeche,Pozo Centro,3,1320.5261955602195,4514.388966544252,0.23721664564021888,2393.5275940624333,89.10821414835527
Tabasco,Pozo Oeste,6,792.3061135584798,5998.330926658015,0.6737920560325165,2645.6472499222327,65.8680580806225
Tamaulipas,Pozo Centro,5,1034.9148773195598,5485.623400278105,0.18890675693796727,2378.316538865666,105.3227976343395
Veracruz,Pozo Oeste,5,907.5577805297808,5953.889028862699,0.507729956280345,2629.0723715249214,99.34264805826058
Chiapas,Pozo Centro,54,959.886225430015,4905.182444107002,0.2349341300895475,2402.041741332902,90.7384271428211
Veracruz,Pozo Centro,47,1334.3145223909848,5085.248355310947,0.3588283892644448,2246.8371101350617,84.25468804095779
Chiapas,Pozo Centro,87,1480.3325403330414,6510.842051695117,0.5314959381667413,2770.5603404701833,99.74607154087064
Campeche,Pozo Oeste,49,781.4078134051554,4047.6413283773736,0.43799478521982804,2470.719115608976,93.27285924136321
Chiapas,Pozo Oeste,9,1256.5191063769544,4707.410660317506,0.356501098796867,2628.336050685248,98.27965341061712
Tamaulipas,Pozo Centro,99,916.811592577501,5518.4286642829,0.2958030585591923,2455.106773736268,84.29137501288191
Tabasco,Pozo Sur,20,924.5820224939811,4623.725261920946,0.6037957934252741,2229.7750872575652,106.47175703037001
Chiapas,Pozo Este,61,1222.6590553556787,4286.868708645268,0.18628861018888823,2962.936258975017,99.00265450827827
Chiapas,Pozo Este,35,843.0243085715763,5356.63606150787,0.35806172591788,2524.238889165183,91.11443554523117
Tabasco,Pozo Este,50,1217.650650193761,6002.225099842345,0.6422545430650852,2275.7329744697468,100.07167504517386
Tamaulipas,Pozo Oeste,82,1282.5283391274338,4673.249073474729,0.6075097302759805,2847.4153146115505,79.97005669799233
Veracruz,Pozo Oeste,62,991.8669345752454,4648.269341270326,0.34056505748382804,1937.711679142365,70.98999568783569
Chiapas,Pozo Sur,17,1431.7695255034166,4217.080776884912,0.5578650181607849,3182.6992777785954,88.8586061565697
Tabasco,Pozo Este,88,781.7938469846233,4533.620840934839,0.5938964984253156,2337.2975848178,84.31491465023838
Campeche,Pozo Este,3,1436.351547652918,5775.245471847167,0.6333324544021778,1956.1950274158182,82.62739189266846
Tabasco,Pozo Centro,32,614.0031426287168,4872.956583624291,0.42670346142953675,3067.0794719601477,99.59574447219283
Campeche,Pozo Oeste,99,1774.9285351048775,4075.508405162741,0.22267653163282708,2237.891335424523,87.00567055852757
Tamaulipas,Pozo Este,13,998.4494403445418,5036.126142291297,0.253185445902359,2485.1355994494697,88.16282888242581
Veracruz,Pozo Sur,89,809.4232109030957,5746.074609887437,0.2774168044249625,2651.191759503812,81.07536929495085
Tabasco,Pozo Sur,73,1041.8320228700004,4294.302902807314,0.4562814884857693,2814.460384681051,95.57347767135431
Chiapas,Pozo Este,68,838.3805143438929,3604.255302363993,0.11968577447716507,2504.9210973025474,93.42250937569503
Tamaulipas,Pozo Oeste,14,1196.7413247136355,6771.742643885476,0.481625481267981,2173.439607084487,95.48391612273153
Tabasco,Pozo Sur,98,1441.9143328675368,3559.3235849610774,0.3186125430569392,2476.6473831668973,79.03283240036586
Chiapas,Pozo Centro,11,851.6359434858307,4476.879692529793,0.2771450814937853,2253.2395591338977,100.64906152056393
Tabasco,Pozo Sur,56,1244.8498097935008,5008.915660672803,0.6276979424368758,2487.1540867275835,107.06522108519647
Campeche,Pozo Norte,67,716.8161577760602,4554.815068880138,0.37600143734847935,2969.8523410149005,95.10446076789647
Tabasco,Pozo Norte,92,1358.2386833071532,4732.580239810483,0.15703182731961568,2664.573817075328,75.28854055306851
Tabasco,Pozo Oeste,29,1204.059091731899,5319.154351087134,0.5960480608157482,2472.3262533344187,75.37357258916559
Tabasco,Pozo Este,9,1369.04583033258,2647.450508058486,0.12858475446190396,2658.4717914122193,80.49547653288295
