Index,Codigo_Centro,Empresa,Especie,Toneladas_Cosechadas,Mes_Inicio,Mes_Fin,Periodo,Cosecha_StandardScaler,Cosecha_MinMaxScaler,Cosecha_RobustScaler,Cosecha_log,Cosecha_sqrt,Cosecha_normalized
,100331,SALMONES AYSEN S.A.,SALMON COHO,3172.132,2022-05-01 00:00:00,2023-02-28 00:00:00,1er Semestre 2023,-0.08307395464737749,0.3435744901535768,-0.17525973853466414,8.062474391726408,56.321683213483595,1.0
,100397,SALMONES AYSEN S.A.,SALMON COHO,2551.875,2022-03-01 00:00:00,2023-01-31 00:00:00,1er Semestre 2023,-0.4332537585926216,0.2763917634310863,-0.5115424589755976,7.844975454037322,50.51608654676251,1.0
,100469,"TORNAGALEONES S.A., GRANJA MARINA",SALMON COHO,3958.815,2022-04-01 00:00:00,2023-01-31 00:00:00,1er Semestre 2023,0.36106532746803016,0.42878353899337857,0.25125362506241705,8.283952585985528,62.91911474265988,1.0
,100580,CALETA BAY MAR SpA,SALMON COHO,4101.942,2022-05-01 00:00:00,2023-02-28 00:00:00,1er Semestre 2023,0.441870840020522,0.44428624533544303,0.32885232516342267,8.319459556344222,64.04640505133759,1.0
,100602,CALETA BAY MAR SpA,TRUCHA ARCOIRIS,2849.434,2022-04-01 00:00:00,2023-01-31 00:00:00,1er Semestre 2023,-0.26526024577109286,0.308621669713188,-0.35021586369060476,7.955226542370921,53.38008992124311,1.0
,100960,SALMONES AYSEN S.A.,SALMON COHO,3098.251,2022-03-01 00:00:00,2023-01-31 00:00:00,1er Semestre 2023,-0.12478510679121227,0.3355721185028186,-0.21531556002300936,8.038915748376912,55.66193492863862,1.0
,101531,SAYSEN I SPA,SALMON COHO,1972.344,2022-04-01 00:00:00,2023-01-31 00:00:00,1er Semestre 2023,-0.7604407987391918,0.21362024646277866,-0.825744896448862,7.587484844600738,44.411079698651776,1.0
,102125,MOWI CHILE S.A.,SALMON DEL ATLANTICO,6242.285,2022-04-01 00:00:00,2023-06-30 00:00:00,1er Semestre 2023,1.650248806114537,0.6761160817764592,1.489275128479965,8.739261765149028,79.00813249280101,1.0
,102186,SALMONES CAMANCHACA S.A.,SALMON COHO,3390.778,2022-04-01 00:00:00,2023-01-31 00:00:00,1er Semestre 2023,0.04036747916701192,0.36725698703304066,-0.05671714781254698,8.129109546656764,58.23038725613973,1.0
,102305,SALMONES AYSEN S.A.,SALMON COHO,1860.84,2022-05-01 00:00:00,2023-01-31 00:00:00,1er Semestre 2023,-0.8233928474208037,0.20154276445054084,-0.8861986574866992,7.529320525036409,43.13745472324486,1.0
,102582,CULTIVOS YADRAN S.A.,SALMON DEL ATLANTICO,3838.668,2021-10-01 00:00:00,2023-01-31 00:00:00,1er Semestre 2023,0.2932336820297535,0.4157698961525447,0.1861139168240307,8.253141183510703,61.956985078359004,1.0
,102850,CERMAQ CHILE S.A.,SALMON COHO,2.069,2023-04-01 00:00:00,2023-06-30 00:00:00,1er Semestre 2023,-1.8728031150342368,0.00021121296028719764,-1.8939624853140582,1.121351775637599,1.438401890988746,1.0
,102956,INVERMAR S.A.,SALMON DEL ATLANTICO,3934.462,2021-10-01 00:00:00,2023-03-31 00:00:00,1er Semestre 2023,0.3473163028452068,0.42614575990523795,0.23805023825517735,8.277783561837756,62.72528995548765,1.0
,103327,"TORNAGALEONES S.A., GRANJA MARINA",SALMON DEL ATLANTICO,5009.333,2022-02-01 00:00:00,2023-04-30 00:00:00,1er Semestre 2023,0.9541584925285611,0.5425697013600382,0.8208095525443613,8.519257658935942,70.77664162702268,1.0
,103421,CERMAQ CHILE S.A.,SALMON DEL ATLANTICO,4454.992,2022-04-01 00:00:00,2023-06-30 00:00:00,1er Semestre 2023,0.6411930238618466,0.4825266225812867,0.520264295446179,8.402004986273372,66.7457264549574,1.0
,103701,MULTI X S.A.,SALMON DEL ATLANTICO,3764.171,2022-04-01 00:00:00,2023-05-31 00:00:00,1er Semestre 2023,0.2511747534654504,0.4077008028692035,0.14572412061908935,8.233548557529307,61.35284019505535,1.0
,103742,TRUSAL S.A.,SALMON DEL ATLANTICO,4863.614,2022-02-01 00:00:00,2023-04-30 00:00:00,1er Semestre 2023,0.8718896090639698,0.5267862442522997,0.7418055562332638,8.48974264923185,69.73961571445601,1.0
,103750,TRUSAL S.A.,SALMON COHO,5687.652,2022-05-01 00:00:00,2023-01-31 00:00:00,1er Semestre 2023,1.3371184823913667,0.6160413752108339,1.188571558691448,8.646228592199385,75.41652338844585,1.0
,103771,CERMAQ CHILE S.A.,SALMON DEL ATLANTICO,5707.82,2021-09-01 00:00:00,2023-01-31 00:00:00,1er Semestre 2023,1.3485047727290291,0.6182258587918966,1.199505977659477,8.649767626302728,75.55011581725074,1.0
,103845,SALMONES ANTARTICA S.A.,TRUCHA ARCOIRIS,3798.473,2022-03-01 00:00:00,2023-02-28 00:00:00,1er Semestre 2023,0.27054070602209995,0.4114162013121632,0.1643215243994013,8.242617651886407,61.63175317967192,1.0
,104378,CERMAQ CHILE S.A.,SALMON DEL ATLANTICO,11.055,2023-04-01 00:00:00,2023-06-30 00:00:00,1er Semestre 2023,-1.8677298700434477,0.0011845256070260478,-1.889090574919041,2.4894795116331343,3.32490601370926,1.0
,110046,SALMONES ANTARTICA S.A.,TRUCHA ARCOIRIS,4914.243,2022-07-01 00:00:00,2023-06-30 00:00:00,1er Semestre 2023,0.9004733304793574,0.5322700909017256,0.7692549165036103,8.500096471847428,70.10166189185531,1.0
,110227,COOKE AQUACULTURE CHILE S.A.,SALMON DEL ATLANTICO,3132.336,2022-01-01 00:00:00,2023-05-31 00:00:00,1er Semestre 2023,-0.10554166638268242,0.3392640127343002,-0.1968358064269531,8.049853530653452,55.96727615312362,1.0
,110230,COOKE AQUACULTURE CHILE S.A.,SALMON DEL ATLANTICO,2284.246,2021-11-01 00:00:00,2023-04-30 00:00:00,1er Semestre 2023,-0.5843496281274462,0.24740370530354663,-0.6566420035013127,7.734228956176855,47.79378620699557,1.0
,110234,AQUACHILE SPA,SALMON COHO,4020.318,2022-04-01 00:00:00,2023-02-28 00:00:00,1er Semestre 2023,0.3957882060200568,0.4354451957608368,0.2845985065474769,8.299364988575011,63.40597763618191,1.0
,110271,"AQUACHILE S.A., EMPRESAS",SALMON DEL ATLANTICO,3987.844,2022-04-01 00:00:00,2023-06-30 00:00:00,1er Semestre 2023,0.3774542912825885,0.431927795928854,0.2669921835819982,8.291256743594936,63.14937846091599,1.0
,110276,PISCICULTURA PALQUI LTDA.,SALMON COHO,1.461,2022-10-01 00:00:00,2023-01-31 00:00:00,1er Semestre 2023,-1.8731463748778159,0.0001453578424130355,-1.8942921226966725,0.9005677714089189,1.2087183294713455,1.0
,110289,SALMOCONCESIONES XI REGION S.A.,SALMON COHO,23.338,2023-02-01 00:00:00,2023-06-30 00:00:00,1er Semestre 2023,-1.8607952308021984,0.002514950628158176,-1.8824311407567886,3.1920389149146082,4.83094193713814,1.0
,110300,SALMOCONCESIONES XI REGION S.A.,SALMON COHO,46.304,2022-10-01 00:00:00,2023-03-31 00:00:00,1er Semestre 2023,-1.8478292676975394,0.0050024977286483195,-1.8699797392286375,3.856594858518529,6.804704255145848,1.0
,110325,SALMOCONCESIONES XI REGION S.A.,SALMON COHO,47.885,2022-10-01 00:00:00,2023-03-31 00:00:00,1er Semestre 2023,-1.846936679189812,0.005173742697988862,-1.8691225736004913,3.8894706009576345,6.9198988431912785,1.0
,110341,COOKE AQUACULTURE CHILE S.A.,SALMON DEL ATLANTICO,4942.565,2021-09-01 00:00:00,2023-01-31 00:00:00,1er Semestre 2023,0.9164631418113325,0.5353377695998045,0.7846101631325526,8.505842009829689,70.3033782972056,1.0
,110443,AQUACHILE SPA,SALMON COHO,2788.061,2022-06-01 00:00:00,2023-01-31 00:00:00,1er Semestre 2023,-0.29990972994867005,0.30197409380974893,-0.3834902634984609,7.933460259026888,52.80209276155634,1.0
,110447,AQUACHILE SPA,SALMON COHO,4.519,2023-02-01 00:00:00,2023-06-30 00:00:00,1er Semestre 2023,-1.8714199133619207,0.000476583089878805,-1.8926341767821429,1.7081966844573642,2.1257939693206396,1.0
,110498,"AQUACHILE S.A., EMPRESAS",SALMON DEL ATLANTICO,3244.28,2022-03-01 00:00:00,2023-04-30 00:00:00,1er Semestre 2023,-0.04234120597216461,0.35138915305552587,-0.13614349202011855,8.084956912010478,56.958581443009976,1.0
,110511,EXPORTADORA LOS FIORDOS LTDA.,SALMON DEL ATLANTICO,3682.379,2021-11-01 00:00:00,2023-02-28 00:00:00,1er Semestre 2023,0.20499727135031198,0.39884155648571096,0.10137921798952644,8.211585816390977,60.682608711227964,1.0
,110536,"AQUACHILE S.A., EMPRESAS",SALMON DEL ATLANTICO,3467.533,2022-04-01 00:00:00,2023-05-31 00:00:00,1er Semestre 2023,0.08370121155829045,0.3755706540929606,-0.015103139091252611,8.151487016979317,58.88576228597198,1.0
,110551,MULTI X S.A.,SALMON DEL ATLANTICO,4849.79,2022-03-01 00:00:00,2023-04-30 00:00:00,1er Semestre 2023,0.8640849641994396,0.5252889068353714,0.7343106431127745,8.486896857264886,69.64043365746655,1.0
,110562,SALMONES CAMANCHACA S.A.,SALMON DEL ATLANTICO,5385.324,2022-02-01 00:00:00,2023-03-31 00:00:00,1er Semestre 2023,1.166432525171766,0.5832949178479068,1.0246593701865756,8.591618427522143,73.38476681164832,1.0
,110635,AUSTRALIS MAR S.A.,SALMON DEL ATLANTICO,4066.237,2022-06-01 00:00:00,2023-06-30 00:00:00,1er Semestre 2023,0.4217127927919298,0.44041888187541517,0.30949426143605885,8.31071917812134,63.76705262124007,1.0
,110637,SALMONES BLUMAR S.A.,SALMON DEL ATLANTICO,3526.214,2022-01-01 00:00:00,2023-03-31 00:00:00,1er Semestre 2023,0.11683086761265321,0.3819266477968647,0.016711747831739673,8.168263603189853,59.38193327940746,1.0
,110641,CULTIVOS YADRAN S.A.,SALMON DEL ATLANTICO,2779.413,2022-04-01 00:00:00,2023-06-30 00:00:00,1er Semestre 2023,-0.3047921495658908,0.30103739140945984,-0.3881789215327487,7.930354756801647,52.72013846719297,1.0
,110643,EXPORTADORA LOS FIORDOS LTDA.,SALMON COHO,3529.849,2022-04-01 00:00:00,2023-02-28 00:00:00,1er Semestre 2023,0.1188830872366817,0.3823203704177078,0.018682523959704156,8.169293630924484,59.41253234798194,1.0
,110653,EXPORTADORA LOS FIORDOS LTDA.,SALMON DEL ATLANTICO,3710.706,2021-11-01 00:00:00,2023-01-31 00:00:00,1er Semestre 2023,0.22098990554284348,0.401909776755483,0.11673717545220787,8.219246888183195,60.915564513513296,1.0
,110669,EXPORTADORA LOS FIORDOS LTDA.,SALMON COHO,3497.283,2022-03-01 00:00:00,2023-02-28 00:00:00,1er Semestre 2023,0.10049723186498753,0.3787930056665729,0.0010263216534351029,8.160027555679402,59.137830531733236,1.0
,110684,"TORNAGALEONES S.A., GRANJA MARINA",SALMON COHO,7.756,2023-02-01 00:00:00,2023-04-30 00:00:00,1er Semestre 2023,-1.8695923934381298,0.0008271966039555531,-1.890879183019771,2.1697391796606165,2.784959604733972,1.0
,110708,EXPORTADORA LOS FIORDOS LTDA.,SALMON DEL ATLANTICO,4161.95,2021-12-01 00:00:00,2023-03-31 00:00:00,1er Semestre 2023,0.47574968326638,0.45078597216668104,0.36138666736064007,8.333979236553548,64.51317694858935,1.0
,110721,INVERMAR S.A.,SALMON DEL ATLANTICO,3681.952,2021-09-01 00:00:00,2023-01-31 00:00:00,1er Semestre 2023,0.20475619905885134,0.39879530626312504,0.10114771278824992,8.211469883506485,60.679090303003065,1.0
,110735,CERMAQ CHILE S.A.,SALMON DEL ATLANTICO,3730.605,2022-02-01 00:00:00,2023-04-30 00:00:00,1er Semestre 2023,0.23222432598260695,0.4040651237794599,0.12752575156509993,8.224593714993723,61.07867876763544,1.0
,110738,CULTIVOS YADRAN S.A.,SALMON DEL ATLANTICO,3793.281,2022-01-01 00:00:00,2023-03-31 00:00:00,1er Semestre 2023,0.26760944762101185,0.41085383326610625,0.16150659464523595,8.241250212064406,61.58961763154566,1.0
,110741,CULTIVOS YADRAN S.A.,SALMON DEL ATLANTICO,85.66,2022-05-01 00:00:00,2023-01-31 00:00:00,1er Semestre 2023,-1.8256099676911406,0.009265316838937011,-1.848642224705346,4.461992416311763,9.25526876973327,1.0
,110758,CERMAQ CHILE S.A.,SALMON DEL ATLANTICO,5424.271,2021-12-01 00:00:00,2023-04-30 00:00:00,1er Semestre 2023,1.1884209151847047,0.5875134363937045,1.0457751385100498,8.598823131078056,73.64965037255777,1.0
,110779,MOWI CHILE S.A.,SALMON DEL ATLANTICO,2325.543,2022-05-01 00:00:00,2023-06-30 00:00:00,1er Semestre 2023,-0.561034493653306,0.251876762545075,-0.6342521433206952,7.7521387538132345,48.22388412394837,1.0
,110783,AUSTRALIS MAR S.A.,SALMON DEL ATLANTICO,4123.054,2022-03-01 00:00:00,2023-04-30 00:00:00,1er Semestre 2023,0.4537900864311099,0.4465729776521524,0.34029854954129996,8.324591939134537,64.21101151671729,1.0
,110818,AUSTRALIS MAR S.A.,SALMON DEL ATLANTICO,2390.921,2022-04-01 00:00:00,2023-03-31 00:00:00,1er Semestre 2023,-0.5241238981705754,0.2589581373746424,-0.5988063656882183,7.7798520877692745,48.897044900484524,1.0
,110823,EXPORTADORA LOS FIORDOS LTDA.,SALMON DEL ATLANTICO,3752.923,2022-06-01 00:00:00,2023-06-30 00:00:00,1er Semestre 2023,0.24482444635924094,0.4064824831885315,0.13962582904072807,8.230556705481643,61.26110511572575,1.0
,110827,EXPORTADORA LOS FIORDOS LTDA.,SALMON DEL ATLANTICO,4028.842,2021-11-01 00:00:00,2023-01-31 00:00:00,1er Semestre 2023,0.40060061869549496,0.4363684671831384,0.2892199359050472,8.30148244821682,63.47315968186868,1.0
,110830,AUSTRALIS MAR S.A.,SALMON DEL ATLANTICO,3545.345,2022-02-01 00:00:00,2023-01-31 00:00:00,1er Semestre 2023,0.12763169667105387,0.38399880940879,0.027083939882382307,8.17367277462572,59.5427997326293,1.0
,110858,SALMONES BLUMAR S.A.,SALMON DEL ATLANTICO,3907.815,2021-12-01 00:00:00,2023-02-28 00:00:00,1er Semestre 2023,0.3322721497994066,0.4232595077243288,0.2236031209286667,8.270989537990996,62.51251874624794,1.0
,110863,AQUACHILE SPA,SALMON COHO,2.132,2023-02-01 00:00:00,2023-06-30 00:00:00,1er Semestre 2023,-1.8727675469912344,0.00021803676361955326,-1.8939283288089517,1.1416717781285568,1.4601369798755184,1.0
,110889,SALMONES ANTARTICA S.A.,TRUCHA ARCOIRIS,3727.92,2022-04-01 00:00:00,2023-04-30 00:00:00,1er Semestre 2023,0.23070844986417063,0.4037742997802952,0.12607003384747018,8.22387392647591,61.05669496459827,1.0
,110901,SALMONES PACIFIC STAR S.A.,SALMON DEL ATLANTICO,2820.362,2021-07-01 00:00:00,2023-01-31 00:00:00,1er Semestre 2023,-0.2816734861864307,0.3054727552611524,-0.365977735380338,7.944975026058881,53.107080507216736,1.0
,110906,SALMONES ANTARTICA S.A.,TRUCHA ARCOIRIS,1684.421,2021-12-01 00:00:00,2023-01-31 00:00:00,1er Semestre 2023,-0.922994094697684,0.18243405714751157,-0.9818471729528189,7.429770663210789,41.04169830794043,1.0
,110930,CERMAQ CHILE S.A.,SALMON DEL ATLANTICO,6457.151,2021-11-01 00:00:00,2023-03-31 00:00:00,1er Semestre 2023,1.7715561573487815,0.6993891504559818,1.6057683288956985,8.773098332896836,80.35639986958101,1.0
,120116,CERMAQ CHILE S.A.,SALMON DEL ATLANTICO,2942.942,2021-12-01 00:00:00,2023-06-30 00:00:00,1er Semestre 2023,-0.21246823680172722,0.31874992688782144,-0.29951893544474745,7.987504778567741,54.248889389553405,1.0
,120127,NOVA AUSTRAL S.A.,SALMON DEL ATLANTICO,2911.018,2021-12-01 00:00:00,2023-06-30 00:00:00,1er Semestre 2023,-0.23049163687806326,0.3152920999420735,-0.3168270666989797,7.976601590616154,53.95385065034747,1.0
,120131,AQUACHILE MAGALLANES SPA.,SALMON DEL ATLANTICO,3495.39,2021-11-01 00:00:00,2023-06-30 00:00:00,1er Semestre 2023,0.09942849685858154,0.37858796662358646,0.0,8.159486286617584,59.12182338189511,1.0
,120139,AQUACHILE MAGALLANES SPA.,SALMON DEL ATLANTICO,1051.866,2022-10-01 00:00:00,2023-03-31 00:00:00,1er Semestre 2023,-1.2801170064658445,0.11391928068880988,-1.32479746005722,6.959271248575724,32.43248371617567,1.0
,120151,MULTIEXPORT PATAGONIA S.A.,SALMON DEL ATLANTICO,5164.169,2022-04-01 00:00:00,2023-06-30 00:00:00,1er Semestre 2023,1.0415745799305025,0.5593406602928733,0.9047564830944276,8.549693101250776,71.86215276485947,1.0
,120174,AUSTRALIS MAR S.A.,TRUCHA ARCOIRIS,4447.861,2021-08-01 00:00:00,2023-01-31 00:00:00,1er Semestre 2023,0.6371670601372394,0.4817542330326672,0.5163981043681832,8.40040338734202,66.69228591074084,1.0
,100114,CERMAQ CHILE S.A.,SALMON COHO,3371.397,2022-05-01 00:00:00,2023-01-31 00:00:00,1er Semestre 2023,0.0294255070808239,0.3651577468364631,-0.06722488155011976,8.123379046473934,58.06373222589123,1.0
,100182,"AQUACHILE S.A., EMPRESAS",SALMON COHO,4055.667,2022-05-01 00:00:00,2023-01-31 00:00:00,1er Semestre 2023,0.4157452655770797,0.4392739993163199,0.30376355891265205,8.308116979482728,63.68411889945561,1.0
,100367,SALMONES AYSEN S.A.,SALMON COHO,3345.859,2022-07-01 00:00:00,2023-02-28 00:00:00,1er Semestre 2023,0.01500746450628843,0.3623916152570711,-0.08107073595340833,8.115777573045788,57.84340066074954,1.0
,100396,SALMONES AYSEN S.A.,SALMON COHO,2748.69,2022-02-01 00:00:00,2023-01-31 00:00:00,1er Semestre 2023,-0.3221374985367363,0.2977096499843811,-0.4048359105229685,7.919243457033693,52.42795056074574,1.0
,100443,CERMAQ CHILE S.A.,SALMON DEL ATLANTICO,3291.972,2022-02-01 00:00:00,2023-04-30 00:00:00,1er Semestre 2023,-0.01541563284722353,0.3565548804924577,-0.1102864754878279,8.099545779455307,57.375709145944334,1.0
,100603,FIORDO BLANCO S.A.,TRUCHA ARCOIRIS,1538.272,2022-06-01 00:00:00,2023-01-31 00:00:00,1er Semestre 2023,-1.0055057441700697,0.16660402487417122,-1.0610843009654363,7.3390648563641845,39.220810802429874,1.0
,100615,"TORNAGALEONES S.A., GRANJA MARINA",SALMON COHO,4589.594,2022-05-01 00:00:00,2023-02-28 00:00:00,1er Semestre 2023,0.717185559166789,0.49710594918671097,0.5932410240228665,8.431764706446316,67.7465423471929,1.0
,100660,SALMONES CAMANCHACA S.A.,SALMON DEL ATLANTICO,4683.148,2022-03-01 00:00:00,2023-04-30 00:00:00,1er Semestre 2023,0.7700035384532677,0.5072391888209206,0.6439628919391192,8.45193932114414,68.43352979351569,1.0
,101318,MOWI CHILE S.A.,SALMON DEL ATLANTICO,4953.107,2021-11-01 00:00:00,2023-03-31 00:00:00,1er Semestre 2023,0.9224148610070706,0.5364796193574187,0.7903256849870233,8.507972208524171,70.37831342111005,1.0
,101326,PRODUCTOS DEL MAR VENTISQUEROS S.A.,SALMON DEL ATLANTICO,4321.852,2022-08-01 00:00:00,2023-06-30 00:00:00,1er Semestre 2023,0.5660258929834044,0.4681056515389085,0.44808021465465875,8.371670648596966,65.7407940323206,1.0
,101916,"TORNAGALEONES S.A., GRANJA MARINA",SALMON COHO,3975.374,2022-04-01 00:00:00,2023-02-28 00:00:00,1er Semestre 2023,0.3704140770565543,0.430577116126402,0.26023136423792226,8.288125627739005,63.05056700775973,1.0
,101968,INVERMAR S.A.,SALMON COHO,2753.482,2022-04-01 00:00:00,2023-01-31 00:00:00,1er Semestre 2023,-0.31943206898010806,0.29822869229499455,-0.4022378474678915,7.92098468213012,52.47363147334097,1.0
,102318,MOWI CHILE S.A.,SALMON DEL ATLANTICO,5.359,2023-03-01 00:00:00,2023-05-31 00:00:00,1er Semestre 2023,-1.8709456727885552,0.0005675671343102132,-1.8921787567140573,1.8498711322852708,2.3149514033776173,1.0
,102342,CERMAQ CHILE S.A.,SALMON DEL ATLANTICO,3428.147,2021-10-01 00:00:00,2023-02-28 00:00:00,1er Semestre 2023,0.061464974388556984,0.3713045855525136,-0.03645691861697597,8.140066821185338,58.55038001584618,1.0
,102458,SALMONES AYSEN S.A.,SALMON COHO,1919.065,2022-05-01 00:00:00,2023-01-31 00:00:00,1er Semestre 2023,-0.790520636249125,0.20784936681603938,-0.8546309986006675,7.5601143186154545,43.807134122195215,1.0
,102784,PRODUCTOS DEL MAR VENTISQUEROS S.A.,SALMON DEL ATLANTICO,5838.046,2022-02-01 00:00:00,2023-04-30 00:00:00,1er Semestre 2023,1.422026740475582,0.6323312018515688,1.2701101845481395,8.672322706313818,76.40710699928378,1.0
,102928,INVERMAR S.A.,SALMON DEL ATLANTICO,3801.29,2021-12-01 00:00:00,2023-04-30 00:00:00,1er Semestre 2023,0.27213110565920806,0.4117213228040243,0.1658488081277302,8.243358795783934,61.6546024235012,1.0
,102994,PRODUCTOS DEL MAR VENTISQUEROS S.A.,SALMON DEL ATLANTICO,2876.484,2022-02-01 00:00:00,2023-04-30 00:00:00,1er Semestre 2023,-0.24998857016449952,0.31155157257255656,-0.33555025316476284,7.964671580198303,53.63286305988149,1.0
,103734,CERMAQ CHILE S.A.,SALMON DEL ATLANTICO,4695.245,2022-03-01 00:00:00,2023-05-31 00:00:00,1er Semestre 2023,0.7768331672818429,0.5085494673750715,0.6505214830862951,8.454518532208347,68.5218578265359,1.0
,103748,"TORNAGALEONES S.A., GRANJA MARINA",SALMON COHO,6511.832,2022-07-01 00:00:00,2023-02-28 00:00:00,1er Semestre 2023,1.8024275249585466,0.7053118868054506,1.6354145488278087,8.781529663649,80.69592306926045,1.0
,103939,TRUSAL S.A.,SALMON DEL ATLANTICO,5244.903,2021-12-01 00:00:00,2023-03-31 00:00:00,1er Semestre 2023,1.0871547447520449,0.5680853101061178,0.9485277733049023,8.565202669977564,72.42170254833837,1.0
,104167,SALMONES PACIFIC STAR S.A.,SALMON DEL ATLANTICO,3816.881,2022-04-01 00:00:00,2023-05-31 00:00:00,1er Semestre 2023,0.28093334944413956,0.4134100516572744,0.17430172989144194,8.247450835649092,61.780911291433696,1.0
,110057,EXPORTADORA LOS FIORDOS LTDA.,SALMON DEL ATLANTICO,10.863,2023-03-01 00:00:00,2023-05-31 00:00:00,1er Semestre 2023,-1.8678382678887884,0.0011637292540131545,-1.8891946709346032,2.4734243126789663,3.295906552073344,1.0
,110148,SALMOCONCESIONES S.A.,SALMON COHO,42.071,2022-10-01 00:00:00,2023-03-31 00:00:00,1er Semestre 2023,-1.8502191014440352,0.004544003133317187,-1.872274731071739,3.7628499168136664,6.486216154276698,1.0
,110253,EXPORTADORA LOS FIORDOS LTDA.,SALMON DEL ATLANTICO,3.424,2022-11-01 00:00:00,2023-04-30 00:00:00,1er Semestre 2023,-1.8720381198236293,0.0003579788891021478,-1.8932278493708967,1.4870442642200337,1.8504053609952604,1.0
,110280,SALMOCONCESIONES XI REGION S.A.,TRUCHA ARCOIRIS,110.261,2022-07-01 00:00:00,2023-04-30 00:00:00,1er Semestre 2023,-1.811720929184752,0.011929957883052575,-1.8353043805446714,4.711878792562895,10.500523796458918,1.0
,110282,SALMOCONCESIONES XI REGION S.A.,SALMON COHO,37.958,2023-02-01 00:00:00,2023-06-30 00:00:00,1er Semestre 2023,-1.852541186537193,0.004098506258619113,-1.8745046629051136,3.662484142754405,6.161006411293531,1.0
,110283,SALMOCONCESIONES XI REGION S.A.,TRUCHA ARCOIRIS,2420.008,2022-06-01 00:00:00,2023-04-30 00:00:00,1er Semestre 2023,-0.5077021891735704,0.2621086765417571,-0.5830363614972695,7.79193926135226,49.19357681649099,1.0
,110287,SALMOCONCESIONES XI REGION S.A.,TRUCHA ARCOIRIS,2247.761,2022-03-01 00:00:00,2023-02-28 00:00:00,1er Semestre 2023,-0.6049480416027351,0.24345185665940383,-0.6764229572918987,7.718134676859227,47.410557895894875,1.0
,110301,SALMOCONCESIONES XI REGION S.A.,TRUCHA ARCOIRIS,2162.839,2022-08-01 00:00:00,2023-06-30 00:00:00,1er Semestre 2023,-0.6528926344257714,0.23425358639606567,-0.7224648418418271,7.679639237937981,46.506332902089795,1.0
,110317,MOWI CHILE S.A.,SALMON DEL ATLANTICO,4530.169,2021-10-01 00:00:00,2023-01-31 00:00:00,1er Semestre 2023,0.683635861461731,0.4906693696148819,0.56102276503957,8.41873524258114,67.30653014381294,1.0
,110320,MOWI CHILE S.A.,SALMON DEL ATLANTICO,2689.53,2021-12-01 00:00:00,2023-02-28 00:00:00,1er Semestre 2023,-0.3555375846323396,0.29130177371228333,-0.4369104953181189,7.897493479211112,51.86067874604034,1.0
,110339,COOKE AQUACULTURE CHILE S.A.,SALMON DEL ATLANTICO,3859.284,2022-02-01 00:00:00,2023-06-30 00:00:00,1er Semestre 2023,0.30487290067321116,0.41800290455730416,0.1972912264950385,8.258496034881894,62.12313578691919,1.0
,110386,SALMONES FRIOSUR S.A.,SALMON COHO,1.37,2023-01-01 00:00:00,2023-05-31 00:00:00,1er Semestre 2023,-1.8731977509399305,0.00013550123759963295,-1.894341459870715,0.8628899551470398,1.1704699910719625,1.0
,110389,MULTI X S.A.,SALMON DEL ATLANTICO,4293.716,2022-01-01 00:00:00,2023-04-30 00:00:00,1er Semestre 2023,0.5501410920641029,0.46505811930781077,0.4328258110407923,8.365140708832806,65.52645267371034,1.0
,110393,MULTI X S.A.,SALMON DEL ATLANTICO,5384.875,2022-01-01 00:00:00,2023-03-30 00:00:00,1er Semestre 2023,1.1661790322938599,0.5832462847098715,1.0244159373168493,8.591535064784367,73.38170752987423,1.0
,110395,MULTI X S.A.,SALMON DEL ATLANTICO,5788.85,2022-02-01 00:00:00,2023-04-30 00:00:00,1er Semestre 2023,1.394252050895472,0.6270025696493693,1.243437749227277,8.663861663495705,76.08449250668627,1.0
,110460,"AQUACHILE S.A., EMPRESAS",SALMON COHO,3860.406,2022-06-01 00:00:00,2023-01-31 00:00:00,1er Semestre 2023,0.30550635058192077,0.41812443324522325,0.19789953758598092,8.258786644841084,62.13216558273178,1.0
,110497,"AQUACHILE S.A., EMPRESAS",SALMON DEL ATLANTICO,3211.743,2022-02-01 00:00:00,2023-03-31 00:00:00,1er Semestre 2023,-0.060710688752635446,0.3478649294202107,-0.1537839714907037,8.074880368366108,56.672241882600694,1.0
,110500,SALMONES CAMANCHACA S.A.,SALMON DEL ATLANTICO,3272.093,2022-05-01 00:00:00,2023-06-30 00:00:00,1er Semestre 2023,-0.02663876184476428,0.35440169975525293,-0.12106420826576582,8.09349068839631,57.20221149571055,1.0
,110502,AQUACHILE SPA,SALMON COHO,3.339,2023-02-01 00:00:00,2023-06-30 00:00:00,1er Semestre 2023,-1.872086108453077,0.00034877217032039815,-1.893273933544453,1.4676439068162137,1.8272930799409273,1.0
,110518,EXPORTADORA LOS FIORDOS LTDA.,SALMON DEL ATLANTICO,3681.754,2022-01-01 00:00:00,2023-03-31 00:00:00,1er Semestre 2023,0.20464441378084355,0.39877386002408044,0.10104036377220106,8.211416120839322,60.67745874705037,1.0
,110537,"AQUACHILE S.A., EMPRESAS",SALMON COHO,3709.763,2022-06-01 00:00:00,2023-01-31 00:00:00,1er Semestre 2023,0.2204575140420294,0.4018076363341749,0.11622591220910723,8.218992794833643,60.90782379957439,1.0
,110549,EXPORTADORA LOS FIORDOS LTDA.,SALMON DEL ATLANTICO,3407.181,2022-03-01 00:00:00,2023-04-30 00:00:00,1er Semestre 2023,0.04962815550619701,0.3690336671292411,-0.047823986649685915,8.133933996867542,58.37106303640529,1.0
,110557,SALMONES BLUMAR S.A.,SALMON DEL ATLANTICO,3508.124,2022-04-01 00:00:00,2023-05-31 00:00:00,1er Semestre 2023,0.106617758121959,0.3799672414114311,0.006903951365474021,8.163121712661903,59.22941836621393,1.0
,110558,SALMONES BLUMAR S.A.,SALMON DEL ATLANTICO,3407.365,2022-05-01 00:00:00,2023-05-31 00:00:00,1er Semestre 2023,0.04973203677464837,0.36905359696754514,-0.047724227968105465,8.133987983153277,58.372639138555314,1.0
,110604,MOWI CHILE S.A.,SALMON DEL ATLANTICO,4805.027,2021-11-01 00:00:00,2023-03-31 00:00:00,1er Semestre 2023,0.8388130227880554,0.5204404320962248,0.7100416329845576,8.477626034258162,69.31830205652761,1.0
,110620,EXPORTADORA LOS FIORDOS LTDA.,SALMON COHO,3010.237,2022-05-01 00:00:00,2023-02-28 00:00:00,1er Semestre 2023,-0.1744753565819228,0.326038940304502,-0.2630338241568899,8.01010623677572,54.86562676211765,1.0
,110644,SALMONES CAMANCHACA S.A.,SALMON DEL ATLANTICO,4674.828,2021-12-01 00:00:00,2023-01-31 00:00:00,1er Semestre 2023,0.7653062984885042,0.5063380135236952,0.6394520645980839,8.45016153833972,68.37271385574805,1.0
,110645,AUSTRALIS MAR S.A.,SALMON DEL ATLANTICO,2359.122,2022-02-01 00:00:00,2023-02-28 00:00:00,1er Semestre 2023,-0.5420767267330177,0.25551384972122054,-0.6160467260989856,7.766468591598774,48.57079369332974,1.0
,110688,EXPORTADORA LOS FIORDOS LTDA.,SALMON DEL ATLANTICO,4.93,2022-12-01 00:00:00,2023-04-30 00:00:00,1er Semestre 2023,-1.8711878742242383,0.0005211002830470298,-1.8924113462488297,1.780024213009634,2.2203603311174516,1.0
,110694,CULTIVOS YADRAN S.A.,SALMON DEL ATLANTICO,4300.895,2022-02-01 00:00:00,2023-04-30 00:00:00,1er Semestre 2023,0.5541941552500451,0.4658357079446835,0.4367180261226785,8.366810902277374,65.58120919897712,1.0
,110710,AQUACHILE SPA,SALMON COHO,5.193,2023-02-01 00:00:00,2023-06-30 00:00:00,1er Semestre 2023,-1.8710393917590058,0.0005495869541011491,-1.892268756394179,1.8234196219559238,2.278815481779953,1.0
,110714,EXPORTADORA LOS FIORDOS LTDA.,SALMON DEL ATLANTICO,3568.909,2021-12-01 00:00:00,2023-02-28 00:00:00,1er Semestre 2023,0.14093527389818042,0.38655112848376827,0.03985955712567058,8.180295384252727,59.74034650050165,1.0
,110745,SALMONES BLUMAR S.A.,SALMON DEL ATLANTICO,3833.549,2021-11-01 00:00:00,2023-01-31 00:00:00,1er Semestre 2023,0.2903436373927792,0.4152154350532062,0.1833385652424489,8.251807105842786,61.91566037764598,1.0
,110751,"TORNAGALEONES S.A., GRANJA MARINA",SALMON DEL ATLANTICO,5031.042,2021-11-01 00:00:00,2023-02-28 00:00:00,1er Semestre 2023,0.9664147884895057,0.5449210973368972,0.8325794504706281,8.52358114492732,70.92983857305754,1.0
,110785,SALMONES BLUMAR S.A.,SALMON DEL ATLANTICO,3910.059,2022-05-01 00:00:00,2023-06-30 00:00:00,1er Semestre 2023,0.3335390496168261,0.423502565100167,0.22481974311055178,8.27156346029757,62.53046457527723,1.0
,110808,CULTIVOS YADRAN S.A.,SALMON DEL ATLANTICO,2501.246,2022-01-01 00:00:00,2023-03-31 00:00:00,1er Semestre 2023,-0.4618374800080086,0.27090791678166043,-0.5389918192459435,7.824944007536556,50.01245844787077,1.0
,110837,"TORNAGALEONES S.A., GRANJA MARINA",SALMON COHO,2.921,2022-10-01 00:00:00,2023-01-31 00:00:00,1er Semestre 2023,-1.8723220995955376,0.0003034967767819117,-1.8935005592450003,1.3663467233101945,1.70909332688417,1.0
,110838,"TORNAGALEONES S.A., GRANJA MARINA",SALMON COHO,3846.439,2022-03-01 00:00:00,2023-01-31 00:00:00,1er Semestre 2023,0.2976209719054959,0.41661160687787385,0.1903270946205673,8.255163011136409,62.019666235799754,1.0
,110853,MULTI X S.A.,SALMON DEL ATLANTICO,5543.565,2021-12-01 00:00:00,2023-01-31 00:00:00,1er Semestre 2023,1.255770980612171,0.600434687103705,1.1104523785126303,8.620573447653978,74.45512071039842,1.0
,110884,EXPORTADORA LOS FIORDOS LTDA.,SALMON DEL ATLANTICO,2731.336,2021-11-01 00:00:00,2023-01-31 00:00:00,1er Semestre 2023,-0.33193508295362456,0.2958299629521636,-0.4142446722629119,7.912912199951262,52.26218518202238,1.0
,110896,EXPORTADORA LOS FIORDOS LTDA.,SALMON COHO,2742.184,2022-07-01 00:00:00,2023-02-28 00:00:00,1er Semestre 2023,-0.3258106046918748,0.29700495689739215,-0.40836324738363866,7.916874568527443,52.36586674542875,1.0
,110926,EXPORTADORA LOS FIORDOS LTDA.,SALMON DEL ATLANTICO,2845.76,2022-03-01 00:00:00,2023-04-30 00:00:00,1er Semestre 2023,-0.26733448370745605,0.3082237228331392,-0.3522077843217302,7.9539367844622735,53.34566524095468,1.0
,120074,SALMONES BLUMAR MAGALLANES SpA,SALMON DEL ATLANTICO,5307.296,2021-09-01 00:00:00,2023-01-31 00:00:00,1er Semestre 2023,1.1223800924829945,0.574843366634938,0.9823551831954335,8.57702615878049,72.85119079328766,1.0
,120111,CERMAQ CHILE S.A.,SALMON DEL ATLANTICO,3423.552,2021-10-01 00:00:00,2023-05-31 00:00:00,1er Semestre 2023,0.05887076553782523,0.3708068811666061,-0.038948174822751994,8.13872593922117,58.51112714689403,1.0
,120118,CERMAQ CHILE S.A.,SALMON DEL ATLANTICO,3379.204,2021-08-01 00:00:00,2023-02-28 00:00:00,1er Semestre 2023,0.03383312155256804,0.3660033568779822,-0.06299218575066494,8.125691341685359,58.13092120377932,1.0
,120126,NOVA AUSTRAL S.A.,SALMON DEL ATLANTICO,4046.081,2021-09-01 00:00:00,2023-06-30 00:00:00,1er Semestre 2023,0.4103332773196009,0.43823569806641577,0.29856634846900254,8.30575115950137,63.60881228257607,1.0
,120137,AUSTRALIS MAR S.A.,SALMON DEL ATLANTICO,4984.972,2021-12-01 00:00:00,2023-03-31 00:00:00,1er Semestre 2023,0.9404049513288487,0.5399310557571888,0.80760182840314,8.514383648343708,70.6043341445835,1.0
,120155,MULTIEXPORT PATAGONIA S.A.,SALMON DEL ATLANTICO,5462.121,2022-01-01 00:00:00,2023-05-31 00:00:00,1er Semestre 2023,1.209789969591713,0.5916131341100483,1.0662961499112744,8.605775517152813,73.90616347775062,1.0
,120160,AQUACHILE MAGALLANES SPA.,SALMON DEL ATLANTICO,3495.39,2021-08-01 00:00:00,2023-03-31 00:00:00,1er Semestre 2023,0.09942849685858154,0.37858796662358646,0.0,8.159486286617584,59.12182338189511,1.0
,120169,CERMAQ CHILE S.A.,SALMON DEL ATLANTICO,4012.64,2021-06-01 00:00:00,2023-02-28 00:00:00,1er Semestre 2023,0.3914534213506509,0.4346135582689982,0.280435750258478,8.29745383923559,63.34540235881369,1.0
,120171,MULTIEXPORT PATAGONIA S.A.,SALMON DEL ATLANTICO,4100.467,2021-09-01 00:00:00,2023-02-28 00:00:00,1er Semestre 2023,0.44103809615657635,0.444126481685995,0.32805262921053463,8.319099993573548,64.0348889278337,1.0
,120172,MULTIEXPORT PATAGONIA S.A.,SALMON DEL ATLANTICO,5304.766,2021-10-01 00:00:00,2023-03-31 00:00:00,1er Semestre 2023,1.120951725041786,0.5745693313582575,0.9809835013236999,8.576549432707491,72.83382455974696,1.0
,120182,AUSTRALIS MAR S.A.,SALMON DEL ATLANTICO,3726.569,2022-03-01 00:00:00,2023-06-30 00:00:00,1er Semestre 2023,0.2299457129420076,0.4036279671088347,0.12533756657129957,8.223511557533964,61.04563047426081,1.0
,120194,SALMONES BLUMAR MAGALLANES SpA,SALMON DEL ATLANTICO,4297.358,2021-12-01 00:00:00,2023-04-30 00:00:00,1er Semestre 2023,0.5521972636929092,0.46545260012902406,0.43480038233599066,8.365988368289264,65.554237086553,1.0
,120222,AUSTRALIS MAR S.A.,SALMON DEL ATLANTICO,3694.87,2021-12-01 00:00:00,2023-03-31 00:00:00,1er Semestre 2023,0.21204934159068015,0.4001945108892737,0.10815142283530439,8.214971258982812,60.785442336138345,1.0
,100103,CERMAQ CHILE S.A.,SALMON COHO,1983.089,2023-02-01 00:00:00,2023-11-30 00:00:00,2do Semestre 2023,-0.7543744714048907,0.21478408403113042,-0.8199193147446042,7.592915145709656,44.53188745157789,1.0
,100123,AQUACHILE MAULLIN LIMITADA,SALMON COHO,3064.259,2023-07-01 00:00:00,2023-11-30 00:00:00,2do Semestre 2023,-0.14397604199340555,0.33189029750482757,-0.23374489211152796,8.027887347247162,55.35574947555132,1.0
,100148,MULTI X S.A.,SALMON DEL ATLANTICO,4159.645,2022-09-01 00:00:00,2023-11-30 00:00:00,2do Semestre 2023,0.4744483445501808,0.4505363076161878,0.3601369730071444,8.333425389313522,64.49530990700022,1.0
,100216,SALMOCONCESIONES S.A.,SALMON COHO,1732.672,2023-01-01 00:00:00,2023-11-30 00:00:00,2do Semestre 2023,-0.8957529257626105,0.1876603322997257,-0.9556870852085525,7.457996981431705,41.62537687517075,1.0
,100366,SALMONES AYSEN S.A.,SALMON COHO,377.282,2023-04-01 00:00:00,2023-11-30 00:00:00,2do Semestre 2023,-1.6609683194935063,0.04085216089271811,-1.6905344734015704,5.935639949222264,19.42374835092341,1.0
,100396,SALMONES AYSEN S.A.,SALMON COHO,1769.86,2023-02-01 00:00:00,2023-10-31 00:00:00,2do Semestre 2023,-0.8747576180931835,0.19168832592391047,-0.9355249881943191,7.479220583274709,42.06970406361328,1.0
,100412,SALMONES AYSEN S.A.,SALMON COHO,3263.942,2022-12-01 00:00:00,2023-09-30 00:00:00,2do Semestre 2023,-0.031240589122743613,0.35351882958125247,-0.1254834094264363,8.090997277387356,57.13091982455735,1.0
,100597,SALMONES ANTARTICA S.A.,SALMON COHO,3386.516,2022-12-01 00:00:00,2023-10-31 00:00:00,2do Semestre 2023,0.03796127282929299,0.3667953513218899,-0.059027862491331996,8.127852188424034,58.19377973632577,1.0
,100615,"TORNAGALEONES S.A., GRANJA MARINA",SALMON COHO,4845.582,2023-03-01 00:00:00,2023-12-31 00:00:00,2do Semestre 2023,0.8617092447557227,0.5248331200985055,0.7320292054383665,8.486028993215921,69.6102147676618,1.0
,100674,AQUACHILE MAULLIN LIMITADA,SALMON COHO,3676.149,2023-01-01 00:00:00,2023-10-31 00:00:00,2do Semestre 2023,0.2014799870978507,0.398166758156178,0.09800151915122712,8.20989300264508,60.63125431656515,1.0
,100960,SALMONES AYSEN S.A.,SALMON COHO,3938.227,2023-04-01 00:00:00,2023-12-31 00:00:00,2do Semestre 2023,0.34944191684368453,0.42655356339010014,0.24009149606034533,8.278739790150235,62.75529459734852,1.0
,100989,MOWI CHILE S.A.,SALMON DEL ATLANTICO,5078.728,2022-11-01 00:00:00,2023-12-31 00:00:00,2do Semestre 2023,0.9933369741817797,0.5500861748877973,0.8584332140024322,8.533012995831946,71.26519487098874,1.0
,101272,AQUACHILE MAULLIN LIMITADA,SALMON COHO,4842.007,2023-04-01 00:00:00,2023-11-30 00:00:00,2do Semestre 2023,0.859690899458363,0.5244458963379789,0.7300909593152649,8.485291087787276,69.58453132701261,1.0
,101604,AQUACHILE MAULLIN LIMITADA,SALMON COHO,2477.401,2022-12-01 00:00:00,2023-09-30 00:00:00,2do Semestre 2023,-0.4752997019983682,0.2683251613775331,-0.5519197853453413,7.815368873148643,49.77349696374567,1.0
,101690,SALMONES CAMANCHACA S.A.,SALMON DEL ATLANTICO,3495.39,2022-07-01 00:00:00,2023-09-30 00:00:00,2do Semestre 2023,0.09942849685858154,0.37858796662358646,0.0,8.159486286617584,59.12182338189511,1.0
,101863,MOWI CHILE S.A.,SALMON DEL ATLANTICO,8899.203,2022-02-01 00:00:00,2023-08-31 00:00:00,2do Semestre 2023,3.1502706105255953,0.9638983976843262,2.929767719500274,9.093829364448874,94.33558713444253,1.0
,101918,SALMOCONCESIONES S.A.,SALMON COHO,117.726,2023-01-01 00:00:00,2023-12-31 00:00:00,2do Semestre 2023,-1.8075063983750213,0.012738524420767412,-1.8312571057729372,4.776818317225572,10.85016128912377,1.0
,101919,SALMOCONCESIONES S.A.,SALMON COHO,1927.148,2023-01-01 00:00:00,2023-12-31 00:00:00,2do Semestre 2023,-0.7859571998747039,0.20872487161501443,-0.850248664778842,7.5643152357098025,43.89929384397885,1.0
,102003,INVERMAR S.A.,SALMON DEL ATLANTICO,4708.602,2022-04-01 00:00:00,2023-07-31 00:00:00,2do Semestre 2023,0.7843741569704665,0.5099962219958694,0.657763204335599,8.457358682378477,68.61925385779125,1.0
,102137,CERMAQ CHILE S.A.,SALMON DEL ATLANTICO,5124.943,2022-06-01 00:00:00,2023-09-30 00:00:00,2do Semestre 2023,1.019428674298553,0.5550919220466038,0.8834894502483397,8.542069787080685,71.58870721000625,1.0
,102140,CULTIVOS YADRAN S.A.,SALMON DEL ATLANTICO,5868.957,2022-06-01 00:00:00,2023-09-30 00:00:00,2do Semestre 2023,1.4394782290033235,0.635679306372306,1.2868691008869309,8.677602587412007,76.60911825624937,1.0
,102320,MOWI CHILE S.A.,SALMON DEL ATLANTICO,6571.468,2022-03-01 00:00:00,2023-07-31 00:00:00,2do Semestre 2023,1.8360963473790568,0.7117713207027262,1.6677472049948738,8.790644687820787,81.06459153045797,1.0
,102335,MULTI X S.A.,SALMON DEL ATLANTICO,2754.246,2022-11-01 00:00:00,2023-11-30 00:00:00,2do Semestre 2023,-0.31900073588718975,0.2983114444496917,-0.4018236320726329,7.9212620097967115,52.48091081526692,1.0
,102813,SALMONES CAMANCHACA S.A.,SALMON DEL ATLANTICO,4348.301,2022-10-01 00:00:00,2023-10-31 00:00:00,2do Semestre 2023,0.5809582607511974,0.4709704574807732,0.46241998296512105,8.377770421515592,65.94164844769958,1.0
,102967,TRUSAL S.A.,SALMON DEL ATLANTICO,4161.707,2022-08-01 00:00:00,2023-10-31 00:00:00,2do Semestre 2023,0.475612492243371,0.45075965178239913,0.36125492084094424,8.333920862781946,64.51129358492202,1.0
,103458,CALETA BAY MAR SpA,SALMON COHO,2706.51,2023-02-01 00:00:00,2023-11-30 00:00:00,2do Semestre 2023,-0.34595115018502137,0.2931409511818611,-0.42770450394182313,7.903784672312462,52.024129017216616,1.0
,103673,FIORDO BLANCO S.A.,SALMON COHO,3127.583,2023-04-01 00:00:00,2023-12-31 00:00:00,2do Semestre 2023,-0.10822507762697574,0.3387491946828925,-0.19941272497886894,8.048335465372576,55.92479771979511,1.0
,103822,MOWI CHILE S.A.,SALMON DEL ATLANTICO,4256.323,2022-09-01 00:00:00,2023-11-30 00:00:00,2do Semestre 2023,0.5290300471118903,0.4610079212442112,0.4125525698432761,8.356395837979152,65.24050122431618,1.0
,104442,TRUSAL S.A.,SALMON COHO,3149.644,2023-04-01 00:00:00,2023-12-31 00:00:00,2do Semestre 2023,-0.09577005228290719,0.3411387173069416,-0.18745198435740504,8.055362155368206,56.1216892119259,1.0
,110060,EXPORTADORA LOS FIORDOS LTDA.,SALMON DEL ATLANTICO,6225.264,2022-07-01 00:00:00,2023-08-31 00:00:00,2do Semestre 2023,1.6406392242106618,0.6742724634189985,1.480046908267013,8.736531752929434,78.9003422045811,1.0
,110068,EXPORTADORA LOS FIORDOS LTDA.,SALMON DEL ATLANTICO,3085.105,2022-10-01 00:00:00,2023-11-30 00:00:00,2do Semestre 2023,-0.13220697176438345,0.33414821820746704,-0.22244288408854443,8.034665056971631,55.54372151737764,1.0
,110069,EXPORTADORA LOS FIORDOS LTDA.,SALMON DEL ATLANTICO,6541.187,2022-07-01 00:00:00,2023-10-31 00:00:00,2do Semestre 2023,1.8190005392813393,0.7084914542153126,1.6513298537071464,8.786026792220524,80.87760505850801,1.0
,110129,MOWI CHILE S.A.,SALMON DEL ATLANTICO,1737.539,2022-06-01 00:00:00,2023-09-30 00:00:00,2do Semestre 2023,-0.8930051532976458,0.18818749818573483,-0.9530483596473963,7.460800384328308,41.683797811619804,1.0
,110131,EXPORTADORA LOS FIORDOS LTDA.,SALMON DEL ATLANTICO,7198.411,2022-09-01 00:00:00,2023-11-30 00:00:00,2do Semestre 2023,2.1900508804594465,0.7796782370931552,2.007654852311067,8.881754496102333,84.84344995342893,1.0
,110147,MOWI CHILE S.A.,SALMON DEL ATLANTICO,4235.631,2022-05-01 00:00:00,2023-08-31 00:00:00,2do Semestre 2023,0.5173479209879852,0.4587666809497175,0.4013340554994415,8.351523656911898,65.08172554565529,1.0
,110152,"TORNAGALEONES S.A., GRANJA MARINA",SALMON DEL ATLANTICO,5556.876,2022-07-01 00:00:00,2023-09-30 00:00:00,2do Semestre 2023,1.263285999983682,0.601876459264927,1.1176691600915396,8.622971299870054,74.54445653433929,1.0
,110154,MOWI CHILE S.A.,SALMON DEL ATLANTICO,6440.473,2022-08-01 00:00:00,2023-10-31 00:00:00,2do Semestre 2023,1.7621402236790304,0.6975826839166639,1.5967260718772145,8.770512519652508,80.25255759164314,1.0
,110175,EXPORTADORA LOS FIORDOS LTDA.,SALMON COHO,1.928,2023-04-01 00:00:00,2023-07-30 00:00:00,2do Semestre 2023,-1.872882719701909,0.00019594063854335412,-1.8940389308254868,1.074319596099065,1.3885243966167826,1.0
,110221,"AQUACHILE S.A., EMPRESAS",SALMON COHO,3.471,2023-05-01 00:00:00,2023-07-31 00:00:00,2do Semestre 2023,-1.8720115849344052,0.0003630696630167623,-1.893202367533754,1.4976120972518436,1.8630619957478602,1.0
,110226,COOKE AQUACULTURE CHILE S.A.,SALMON COHO,2423.788,2022-12-01 00:00:00,2023-08-31 00:00:00,2do Semestre 2023,-0.5055681065934252,0.26251810474169845,-0.5809869711908855,7.793499376869586,49.23198147545963,1.0
,110228,COOKE AQUACULTURE CHILE S.A.,SALMON DEL ATLANTICO,4213.492,2022-09-01 00:00:00,2023-12-31 00:00:00,2do Semestre 2023,0.5048488590192468,0.45636870980725686,0.3893310258716552,8.34628434122717,64.91141656134151,1.0
,110248,EXPORTADORA LOS FIORDOS LTDA.,SALMON DEL ATLANTICO,2.577,2023-07-01 00:00:00,2023-10-31 00:00:00,2do Semestre 2023,-1.8725163124017727,0.00026623664430047787,-1.893687064606216,1.2745244602768806,1.605303709582707,1.0
,110258,EXPORTADORA LOS FIORDOS LTDA.,SALMON DEL ATLANTICO,2.535,2023-07-01 00:00:00,2023-10-31 00:00:00,2do Semestre 2023,-1.8725400244304413,0.0002616874420789075,-1.8937098356096205,1.2627132993485362,1.592168332809066,1.0
,110267,MULTI X S.A.,SALMON DEL ATLANTICO,3504.915,2022-06-01 00:00:00,2023-08-31 00:00:00,2do Semestre 2023,0.1048060462172804,0.37961966069883546,0.005164138272038721,8.162206821034404,59.20232258957414,1.0
,110268,MULTI X S.A.,SALMON DEL ATLANTICO,6113.326,2022-07-01 00:00:00,2023-08-31 00:00:00,2do Semestre 2023,1.5774421512328112,0.6621479729838045,1.419357846860665,8.718389821277915,78.1877611906109,1.0
,110279,CERMAQ CHILE S.A.,SALMON DEL ATLANTICO,2217.935,2022-08-01 00:00:00,2023-07-31 00:00:00,2do Semestre 2023,-0.6217869693898795,0.24022127319605718,-0.6925936227094132,7.704782630029474,47.09495726720643,1.0
,110302,SALMOCONCESIONES XI REGION S.A.,SALMON COHO,1395.409,2023-02-01 00:00:00,2023-12-31 00:00:00,2do Semestre 2023,-1.086162209685218,0.1511299135174995,-1.1385398690450437,7.2416592203547685,37.3551736711262,1.0
,110338,COOKE AQUACULTURE CHILE S.A.,SALMON COHO,20.058,2023-01-01 00:00:00,2023-08-31 00:00:00,2do Semestre 2023,-1.8626470273267688,0.0021596795975212485,-1.8842094476893123,3.0472805354345676,4.478615857606008,1.0
,110340,COOKE AQUACULTURE CHILE S.A.,SALMON DEL ATLANTICO,4396.668,2022-04-01 00:00:00,2023-08-31 00:00:00,2do Semestre 2023,0.608264920051164,0.47620929709626586,0.4886429620521227,8.388829679406706,66.30737515540785,1.0
,110344,EXPORTADORA LOS FIORDOS LTDA.,SALMON DEL ATLANTICO,3.634,2023-07-01 00:00:00,2023-09-30 00:00:00,2do Semestre 2023,-1.8719195596802878,0.00038072490020999984,-1.8931139943538753,1.5334204260101845,1.9063053270659451,1.0
,110345,SALMONES DE CHILE S.A.,TRUCHA ARCOIRIS,31.767,2023-04-01 00:00:00,2023-07-31 00:00:00,2do Semestre 2023,-1.8560364524773196,0.0034279321882919136,-1.877861217240252,3.4894219113732468,5.636222138986362,1.0
,110384,MULTI X S.A.,SALMON DEL ATLANTICO,5599.541,2022-09-01 00:00:00,2023-10-31 00:00:00,2do Semestre 2023,1.2873734691058747,0.6064976905216722,1.1408007043830388,8.630618479199928,74.83008084988282,1.0
,110416,NUEVA CERMAQ CHILE S.A.,SALMON COHO,1003.55,2022-12-01 00:00:00,2023-11-30 00:00:00,2do Semestre 2023,-1.3073948725881426,0.10868596510458617,-1.3509927886400885,6.912294959024169,31.67885730262378,1.0
,110417,NUEVA CERMAQ CHILE S.A.,SALMON COHO,1006.613,2022-05-01 00:00:00,2023-11-30 00:00:00,2do Semestre 2023,-1.3056655882116917,0.10901773192374499,-1.3493321318918203,6.915339446340442,31.72716501674866,1.0
,110426,MULTI X S.A.,SALMON DEL ATLANTICO,2919.516,2022-12-01 00:00:00,2023-12-31 00:00:00,2do Semestre 2023,-0.22569390307751494,0.31621255519157127,-0.3122197336768501,7.97951559197931,54.03254574791012,1.0
,110431,MULTI X S.A.,SALMON DEL ATLANTICO,3391.331,2022-11-01 00:00:00,2023-12-31 00:00:00,2do Semestre 2023,0.040679687544477774,0.36731688486229136,-0.0564173296010573,8.129272574698097,58.23513544244574,1.0
,110489,"AQUACHILE S.A., EMPRESAS",SALMON DEL ATLANTICO,3.781,2023-06-01 00:00:00,2023-10-31 00:00:00,2do Semestre 2023,-1.8718365675799489,0.00039664710798549633,-1.8930342958419606,1.5646497296439663,1.9444793647657976,1.0
,110516,AQUAINNOVO SPA,SALMON COHO,1645.037,2023-02-01 00:00:00,2023-10-31 00:00:00,2do Semestre 2023,-0.9452292027231952,0.17816820523574184,-1.003199868145047,7.406125859720703,40.55905570892892,1.0
,110523,AQUACHILE MAULLIN LIMITADA,SALMON COHO,2586.067,2023-02-01 00:00:00,2023-12-31 00:00:00,2do Semestre 2023,-0.4139499089681985,0.2800952472967991,-0.49300469353753495,7.858280080575054,50.85338730114249,1.0
,110579,SALMONES ANTARTICA S.A.,TRUCHA ARCOIRIS,3698.703,2022-08-01 00:00:00,2023-09-30 00:00:00,2do Semestre 2023,0.21421334649271617,0.40060967974916134,0.11022954797931747,8.216007825140215,60.81696309418944,1.0
,110590,CERMAQ CHILE S.A.,SALMON DEL ATLANTICO,3941.592,2022-05-01 00:00:00,2023-08-31 00:00:00,2do Semestre 2023,0.3513417019977027,0.42691804113951887,0.24191588716642526,8.279593654011977,62.78209935961046,1.0
,110617,ACUICOLA PUYUHUAPI S.A.,SALMON DEL ATLANTICO,1409.212,2021-01-01 00:00:00,2023-08-31 00:00:00,2do Semestre 2023,-1.0783694208350219,0.152624976333317,-1.1310563414262562,7.251495326680022,37.53947255889459,1.0
,110652,AUSTRALIS MAR S.A.,SALMON DEL ATLANTICO,4061.947,2022-08-01 00:00:00,2023-09-30 00:00:00,2do Semestre 2023,0.41929077843509854,0.43995421336278334,0.30716836608833753,8.309663851354282,63.733405683362,1.0
,110671,CULTIVOS YADRAN S.A.,SALMON DEL ATLANTICO,4467.696,2022-09-01 00:00:00,2023-12-31 00:00:00,2do Semestre 2023,0.6483653479618895,0.48390264793897314,0.5271519818092213,8.404851922453222,66.84082584768085,1.0
,110692,"TORNAGALEONES S.A., GRANJA MARINA",SALMON DEL ATLANTICO,5641.58,2022-09-01 00:00:00,2023-11-30 00:00:00,2do Semestre 2023,1.3111075160864876,0.6110511170024484,1.1635928522904648,8.63809668670372,75.11045200236782,1.0
,110704,"AQUACHILE S.A., EMPRESAS",SALMON COHO,2587.321,2023-03-01 00:00:00,2023-12-31 00:00:00,2do Semestre 2023,-0.4132419355408171,0.2802310734774145,-0.4923248164358934,7.858764681932302,50.86571536899879,1.0
,110722,AUSTRALIS MAR S.A.,SALMON DEL ATLANTICO,2937.511,2022-12-01 00:00:00,2023-12-31 00:00:00,2do Semestre 2023,-0.2155344279373801,0.31816167171483695,-0.30246344305161804,7.985658269452198,54.19880995003488,1.0
,110726,MULTI X S.A.,SALMON DEL ATLANTICO,6196.26,2022-09-01 00:00:00,2023-11-30 00:00:00,2do Semestre 2023,1.6242643746988823,0.6711309143419883,1.4643219039161248,8.731862537867045,78.71632613378245,1.0
,110767,SALMONES BLUMAR S.A.,SALMON DEL ATLANTICO,2040.846,2022-08-01 00:00:00,2023-08-31 00:00:00,2do Semestre 2023,-0.72176647998123,0.22103999528616,-0.7886053898965057,7.621609579622092,45.175723569191454,1.0
,110771,SALMONES BLUMAR S.A.,SALMON DEL ATLANTICO,3806.827,2022-10-01 00:00:00,2023-11-30 00:00:00,2do Semestre 2023,0.2752571414386429,0.4123210592969013,0.1688507854098593,8.244813964206983,61.69948946304175,1.0
,110778,AUSTRALIS MAR S.A.,SALMON DEL ATLANTICO,2404.369,2022-09-01 00:00:00,2023-10-31 00:00:00,2do Semestre 2023,-0.516531532419837,0.2604147486002538,-0.5915153072648717,7.785458601124059,49.03436550012654,1.0
,110836,SALMONES BLUMAR S.A.,SALMON DEL ATLANTICO,4152.597,2022-08-01 00:00:00,2023-12-31 00:00:00,2do Semestre 2023,0.4704692403107989,0.44977290815767274,0.3563157817692093,8.331729984804433,64.44064711034488,1.0
,110849,"AQUACHILE S.A., EMPRESAS",SALMON DEL ATLANTICO,2.201,2023-07-01 00:00:00,2023-09-30 00:00:00,2do Semestre 2023,-1.8727285915155651,0.0002255104529835618,-1.893890919303359,1.163463260987726,1.4835767590522575,1.0
,110918,EXPORTADORA LOS FIORDOS LTDA.,SALMON COHO,2818.504,2023-03-01 00:00:00,2023-12-31 00:00:00,2do Semestre 2023,-0.2827224611689465,0.30527150722001717,-0.3669850811976029,7.944316261937487,53.08958466592105,1.0
,110944,EXPORTADORA LOS FIORDOS LTDA.,SALMON COHO,1981.438,2023-02-01 00:00:00,2023-12-31 00:00:00,2do Semestre 2023,-0.7553065799603984,0.21460525705808725,-0.8208144320450907,7.592082679375584,44.51334631321263,1.0
,110953,EXPORTADORA LOS FIORDOS LTDA.,SALMON DEL ATLANTICO,3.805,2023-03-01 00:00:00,2023-07-31 00:00:00,2do Semestre 2023,-1.8718230178492814,0.000399246652112108,-1.8930212838400153,1.5696570424222558,1.950640920313116,1.0
,120066,AQUACHILE MAGALLANES SPA.,SALMON DEL ATLANTICO,0.955,2023-06-01 00:00:00,2023-09-30 00:00:00,2do Semestre 2023,-1.8734320483660574,9.055078707697294e-05,-1.894566459071019,0.6703901934373291,0.9772410142846032,1.0
,120068,NOVA AUSTRAL S.A.,SALMON DEL ATLANTICO,862.148,2022-01-01 00:00:00,2023-09-30 00:00:00,2do Semestre 2023,-1.3872264982489018,0.09337010099662191,-1.427656251101276,6.76058617116551,29.36235685363149,1.0
,120080,AQUACHILE MAGALLANES SPA.,SALMON DEL ATLANTICO,3138.517,2022-08-01 00:00:00,2023-11-30 00:00:00,2do Semestre 2023,-0.10205204616366745,0.33993350366124125,-0.1934846737592921,8.051824245414483,56.02246870676086,1.0
,120210,SALMONES BLUMAR MAGALLANES SpA,SALMON DEL ATLANTICO,5075.874,2022-04-01 00:00:00,2023-10-31 00:00:00,2do Semestre 2023,0.9917256853765589,0.5497770457654076,0.8568858701044375,8.532450996833637,71.24516825722289,1.0
,100104,CERMAQ CHILE S.A.,SALMON COHO,3936.891,2023-01-01 00:00:00,2023-10-31 00:00:00,2do Semestre 2023,0.34868764850318895,0.4264088554337188,0.2393671612853907,8.278400579791114,62.7446491742523,1.0
,100120,PRODUCTOS DEL MAR VENTISQUEROS S.A.,SALMON COHO,4474.006,2023-04-01 00:00:00,2023-11-30 00:00:00,2do Semestre 2023,0.651927797983243,0.4845861114155948,0.5305730539873384,8.40626297149018,66.88801088386468,1.0
,100195,MOWI CHILE S.A.,SALMON COHO,3529.512,2023-01-01 00:00:00,2023-10-31 00:00:00,2do Semestre 2023,0.11869282643522433,0.3822838684855966,0.01849981376572232,8.169198181902615,59.40969617831756,1.0
,100208,AQUACHILE MAULLIN LIMITADA,SALMON COHO,4334.092,2023-01-01 00:00:00,2023-10-31 00:00:00,2do Semestre 2023,0.572936255623874,0.4694314190434804,0.45471633564675873,8.374498111596136,65.83382109523949,1.0
,100219,AQUACHILE MAULLIN LIMITADA,SALMON COHO,2704.38,2023-01-01 00:00:00,2023-09-30 00:00:00,2do Semestre 2023,-0.34715368878176983,0.2929102416406243,-0.42885931911446806,7.902997662005605,52.00365371779179,1.0
,100245,AQUACHILE MAULLIN LIMITADA,SALMON COHO,1678.283,2022-12-01 00:00:00,2023-08-31 00:00:00,2do Semestre 2023,-0.9264594383159196,0.18176922373713061,-0.985174992450328,7.4261221955840755,40.96685245414883,1.0
,100391,MOWI CHILE S.A.,SALMON DEL ATLANTICO,5203.998,2022-11-01 00:00:00,2023-12-31 00:00:00,2do Semestre 2023,1.064060922545475,0.563654712085324,0.926350442489391,8.557374596803077,72.13874132531008,1.0
,100397,SALMONES AYSEN S.A.,SALMON COHO,1771.62,2023-02-01 00:00:00,2023-11-30 00:00:00,2do Semestre 2023,-0.8737639711775604,0.191878959159862,-0.9345707747183308,7.48021395710198,42.090616531478844,1.0
,100413,MOWI CHILE S.A.,SALMON DEL ATLANTICO,5091.193,2023-07-01 00:00:00,2023-10-31 00:00:00,2do Semestre 2023,1.0003743655472581,0.5514363131185562,0.8651913225127695,8.535463861551314,71.3525963087539,1.0
,100416,"AQUACHILE S.A., EMPRESAS",SALMON COHO,2909.465,2022-11-01 00:00:00,2023-07-31 00:00:00,2do Semestre 2023,-0.23136841736667835,0.315123887774214,-0.31766905165818976,7.9760681412142995,53.93945680112102,1.0
,100469,"TORNAGALEONES S.A., GRANJA MARINA",SALMON COHO,4343.201,2023-02-01 00:00:00,2023-11-30 00:00:00,2do Semestre 2023,0.5780789429843348,0.4704180543538682,0.45965493255174583,8.376597131261546,65.902966549314,1.0
,100503,TRUSAL S.A.,SALMON COHO,4852.932,2023-04-01 00:00:00,2023-11-30 00:00:00,2do Semestre 2023,0.8658588497726711,0.5256292304872803,0.7360141310341125,8.48754437712373,69.66298873864083,1.0
,100603,FIORDO BLANCO S.A.,SALMON COHO,2585.411,2023-04-01 00:00:00,2023-12-31 00:00:00,2do Semestre 2023,-0.4143202682731125,0.28002419309067167,-0.4933603549240396,7.858026479417954,50.84693697756041,1.0
,100663,SALMOCONCESIONES S.A.,SALMON COHO,3097.097,2022-12-01 00:00:00,2023-10-31 00:00:00,2do Semestre 2023,-0.12543662300747876,0.335447123756064,-0.21594122044987893,8.038543331009567,55.65156781259626,1.0
,100679,AQUACHILE MAULLIN LIMITADA,SALMON DEL ATLANTICO,6567.77,2022-07-01 00:00:00,2023-08-31 00:00:00,2do Semestre 2023,1.8340085597120264,0.7113707742785508,1.6657422723618034,8.79008187933994,81.04177934867916,1.0
,100974,AQUACHILE MAULLIN LIMITADA,SALMON COHO,5377.628,2023-04-01 00:00:00,2023-12-31 00:00:00,2do Semestre 2023,1.1620875782043596,0.5824613306979733,1.0204868548961181,8.5901886020457,73.33231211410151,1.0
,101045,"AQUACHILE S.A., EMPRESAS",SALMON COHO,4874.779,2023-01-01 00:00:00,2023-10-31 00:00:00,2do Semestre 2023,0.8781930566849543,0.5279955738428672,0.7478588479715648,8.492035165537901,69.81961758703639,1.0
,101293,PRODUCTOS DEL MAR VENTISQUEROS S.A.,SALMON DEL ATLANTICO,5421.019,2022-09-01 00:00:00,2023-09-30 00:00:00,2do Semestre 2023,1.186584926679247,0.5871611981645487,1.0440120122464627,8.598223534294448,73.62756956466782,1.0
,101498,"AQUACHILE S.A., EMPRESAS",SALMON DEL ATLANTICO,0.13,2023-09-01 00:00:00,2023-11-30 00:00:00,2do Semestre 2023,-1.8738978203577557,1.1914577246970131e-06,-1.8950137466378882,0.12221763272424921,0.36055512754639896,1.0
,101607,"TORNAGALEONES S.A., GRANJA MARINA",SALMON COHO,4110.003,2023-04-01 00:00:00,2023-12-31 00:00:00,2do Semestre 2023,0.4464218558084978,0.4451593672189687,0.33322273131679825,8.321422316647064,64.10930509684222,1.0
,101962,SALMONES AYSEN S.A.,SALMON COHO,3223.114,2022-12-01 00:00:00,2023-10-31 00:00:00,2do Semestre 2023,-0.054290939276754636,0.34909657176453157,-0.14761899340237275,8.078413462802864,56.7724757254781,1.0
,102016,CERMAQ CHILE S.A.,SALMON DEL ATLANTICO,5536.29,2022-05-01 00:00:00,2023-08-31 00:00:00,2do Semestre 2023,1.2516637185035588,0.5996467002903259,1.1065081154229632,8.619260490383722,74.40624973750525,1.0
,102042,INVERMAR S.A.,SALMON COHO,5375.953,2022-12-01 00:00:00,2023-11-30 00:00:00,2do Semestre 2023,1.1611419199181845,0.5822799041808037,1.0195787255936863,8.58987713583787,73.32089061106664,1.0
,102054,PRODUCTOS DEL MAR VENTISQUEROS S.A.,SALMON COHO,6312.004,2023-01-01 00:00:00,2023-11-30 00:00:00,2do Semestre 2023,1.6896102091317677,0.6836676491499275,1.5270744519642971,8.750366911980604,79.44812143782885,1.0
,102064,"AQUACHILE S.A., EMPRESAS",SALMON DEL ATLANTICO,1.457,2023-09-01 00:00:00,2023-11-30 00:00:00,2do Semestre 2023,-1.8731486331662603,0.00014492458505860022,-1.8942942913636631,0.8989410935390421,1.2070625501605126,1.0
,102069,PRODUCTOS DEL MAR VENTISQUEROS S.A.,SALMON DEL ATLANTICO,7445.926,2022-11-01 00:00:00,2023-12-31 00:00:00,2do Semestre 2023,2.3297909465506104,0.8064876606139172,2.1418492548731307,8.915556608773937,86.28977923253716,1.0
,102072,"AQUACHILE S.A., EMPRESAS",SALMON DEL ATLANTICO,0.586,2023-09-01 00:00:00,2023-11-30 00:00:00,2do Semestre 2023,-1.8736403754750717,5.0582796130318616e-05,-1.894766518600928,0.46121512321265623,0.7655063683601855,1.0
,102077,PRODUCTOS DEL MAR VENTISQUEROS S.A.,SALMON DEL ATLANTICO,4722.709,2022-08-01 00:00:00,2023-08-31 00:00:00,2do Semestre 2023,0.7923385757424523,0.511524212370624,0.6654115506456935,8.460349575081178,68.72196883093498,1.0
,102122,PRODUCTOS DEL MAR VENTISQUEROS S.A.,SALMON COHO,3020.486,2023-04-01 00:00:00,2023-12-31 00:00:00,2do Semestre 2023,-0.1686890570147519,0.3271490539609037,-0.25747715715950165,8.013504042330677,54.95894831599309,1.0
,102129,CULTIVOS YADRAN S.A.,SALMON DEL ATLANTICO,3721.575,2022-07-01 00:00:00,2023-10-31 00:00:00,2do Semestre 2023,0.22712623981892702,0.4030870453018222,0.12262998583318285,8.22217091210537,61.0047129326907,1.0
,102135,PRODUCTOS DEL MAR VENTISQUEROS S.A.,SALMON COHO,1356.675,2023-02-01 00:00:00,2023-08-31 00:00:00,2do Semestre 2023,-1.1080303458384821,0.14693446592582546,-1.1595401558512535,7.213528956943297,36.83306938065303,1.0
,102255,"AQUACHILE S.A., EMPRESAS",SALMON DEL ATLANTICO,2678.713,2022-06-01 00:00:00,2023-07-31 00:00:00,2do Semestre 2023,-0.3616445611586435,0.29013013751155176,-0.44277511302821254,7.8934649782181685,51.756284642543655,1.0
,102765,SALMONES CAMANCHACA S.A.,SALMON DEL ATLANTICO,4383.162,2022-09-01 00:00:00,2023-09-30 00:00:00,2do Semestre 2023,0.6006398091179794,0.4747464036390152,0.4813204579574087,8.385753780499867,66.20545294762358,1.0
,102945,PRODUCTOS DEL MAR VENTISQUEROS S.A.,SALMON COHO,2279.253,2023-02-01 00:00:00,2023-09-30 00:00:00,2do Semestre 2023,-0.5871685366784155,0.2468628918108728,-0.6593490420726816,7.732041680704617,47.74152280771949,1.0
,103457,CALETA BAY MAR SpA,TRUCHA ARCOIRIS,12.903,2023-08-01 00:00:00,2023-09-30 00:00:00,2do Semestre 2023,-1.8666865407820434,0.001384690504775146,-1.8880886507692534,2.632104644187406,3.592074609470132,1.0
,103499,CALETA BAY MAR SpA,TRUCHA ARCOIRIS,9.504,2023-07-01 00:00:00,2023-09-30 00:00:00,2do Semestre 2023,-1.8686055213878405,0.001016530067843769,-1.8899314755447556,2.351756137000495,3.0828558188796307,1.0
,103593,CALETA BAY MAR SpA,TRUCHA ARCOIRIS,1861.001,2022-09-01 00:00:00,2023-07-31 00:00:00,2do Semestre 2023,-0.8233019513109086,0.2015602030590569,-0.8861113686403163,7.5294069948937965,43.13932081060155,1.0
,103699,CERMAQ CHILE S.A.,SALMON DEL ATLANTICO,4606.265,2022-03-01 00:00:00,2023-09-30 00:00:00,2do Semestre 2023,0.7265975408317622,0.49891165752565864,0.6022794858741167,8.435389684445084,67.86947030882148,1.0
,103748,"TORNAGALEONES S.A., GRANJA MARINA",SALMON COHO,6736.108,2023-03-01 00:00:00,2023-12-31 00:00:00,2do Semestre 2023,1.9290474997587077,0.7296041934112822,1.7570095383395927,8.815386031706444,82.07379606183693,1.0
,103965,TRUSAL S.A.,SALMON COHO,3622.943,2022-11-01 00:00:00,2023-08-31 00:00:00,2do Semestre 2023,0.17144136335203158,0.39240378545615723,0.0691549951720053,8.195317938562354,60.19088801471532,1.0
,104063,CALETA BAY MAR SpA,TRUCHA ARCOIRIS,7.275,2021-04-01 00:00:00,2023-08-31 00:00:00,2do Semestre 2023,-1.8698639526235925,0.0007750974070847111,-1.8911399652254246,2.1132389212631266,2.6972207918522355,1.0
,104087,CALETA BAY MAR SpA,TRUCHA ARCOIRIS,8.85,2023-06-01 00:00:00,2023-08-31 00:00:00,2do Semestre 2023,-1.8689747515485322,0.0009456924903936014,-1.8902860525977647,2.2874714551839976,2.9748949561287032,1.0
,104150,TRUSAL S.A.,SALMON COHO,3487.199,2023-01-01 00:00:00,2023-10-31 00:00:00,2do Semestre 2023,0.09480408669615625,0.3777007638760416,-0.00444088783057929,8.157140836153717,59.0525105308826,1.0
,104413,INVERMAR S.A.,SALMON COHO,2243.791,2023-04-01 00:00:00,2023-12-31 00:00:00,2do Semestre 2023,-0.6071893928839984,0.24302184873512683,-0.6785753592803494,7.716367700074301,47.368671081211474,1.0
,110047,SALMONES ANTARTICA S.A.,TRUCHA ARCOIRIS,5559.398,2022-07-01 00:00:00,2023-08-31 00:00:00,2do Semestre 2023,1.264709850848001,0.6021496280268984,1.119036504629291,8.62342496741652,74.56137069555521,1.0
,110059,EXPORTADORA LOS FIORDOS LTDA.,SALMON DEL ATLANTICO,4512.118,2022-09-01 00:00:00,2023-12-31 00:00:00,2do Semestre 2023,0.673444770283372,0.48871418748865414,0.5512361130764658,8.41474354617253,67.17230083896189,1.0
,110071,EXPORTADORA LOS FIORDOS LTDA.,SALMON DEL ATLANTICO,6636.135,2022-10-01 00:00:00,2023-12-31 00:00:00,2do Semestre 2023,1.8726055320907606,0.7187756840375428,1.7028075020697218,8.800435673454352,81.46247602424076,1.0
,110106,ACUICOLA TORNAGALEONES SPA,SALMON DEL ATLANTICO,3765.349,2020-10-01 00:00:00,2023-08-31 00:00:00,2do Semestre 2023,0.25183981941238465,0.40782839716008473,0.1463627930479044,8.233861376192632,61.362439651630545,1.0
,110205,AQUACHILE SPA,SALMON COHO,3065.804,2022-12-01 00:00:00,2023-08-31 00:00:00,2do Semestre 2023,-0.14310377808167957,0.3320576431579782,-0.2329072444862996,8.028391255975007,55.36970290691472,1.0
,110224,COOKE AQUACULTURE CHILE S.A.,SALMON DEL ATLANTICO,2756.183,2022-06-01 00:00:00,2023-08-31 00:00:00,2do Semestre 2023,-0.3179071597078933,0.298521249323577,-0.4007734550822981,7.921964785317166,52.49936190088409,1.0
,110247,"AQUACHILE S.A., EMPRESAS",SALMON DEL ATLANTICO,2.235,2023-04-01 00:00:00,2023-07-30 00:00:00,2do Semestre 2023,-1.872709396063786,0.00022919314049626164,-1.8938724856339364,1.174028927952864,1.4949916387726052,1.0
,110259,COOKE AQUACULTURE CHILE S.A.,SALMON DEL ATLANTICO,2735.397,2022-10-01 00:00:00,2023-10-31 00:00:00,2do Semestre 2023,-0.32964235561024646,0.296269827481254,-0.41204293310041845,7.914397370555296,52.30102293454689,1.0
,110272,MULTI X S.A.,SALMON DEL ATLANTICO,5141.086,2022-07-01 00:00:00,2023-08-31 00:00:00,2do Semestre 2023,1.028542561888839,0.556840440414766,0.8922416480567933,8.545214112695698,71.70136679310933,1.0
,110322,EXPORTADORA LOS FIORDOS LTDA.,SALMON COHO,3196.431,2022-12-01 00:00:00,2023-12-31 00:00:00,2do Semestre 2023,-0.06935541691855625,0.3462064202674325,-0.1620856287318014,8.070102953861285,56.53698789288301,1.0
,110334,SALMOCONCESIONES XI REGION S.A.,TRUCHA ARCOIRIS,3206.757,2022-08-01 00:00:00,2023-08-31 00:00:00,2do Semestre 2023,-0.06352564529882669,0.34732487412790713,-0.15648721489483852,8.073327217987694,56.62823500692919,1.0
,110343,MOWI CHILE S.A.,SALMON DEL ATLANTICO,3828.997,2022-07-01 00:00:00,2023-10-31 00:00:00,2do Semestre 2023,0.2877737051428267,0.4147223881838588,0.18087062220682468,8.250619298884567,61.878889776724336,1.0
,110355,"TORNAGALEONES S.A., GRANJA MARINA",SALMON DEL ATLANTICO,6375.19,2022-05-01 00:00:00,2023-07-31 00:00:00,2do Semestre 2023,1.7252832625468586,0.6905115989492643,1.5613318000857705,8.76032601927324,79.84478693064437,1.0
,110382,MULTI X S.A.,SALMON DEL ATLANTICO,3811.203,2022-05-01 00:00:00,2023-09-30 00:00:00,2do Semestre 2023,0.27772770899703286,0.4127950428426535,0.17122330709788447,8.245962516241832,61.73494148373351,1.0
,110429,MULTI X S.A.,SALMON DEL ATLANTICO,3305.425,2022-12-01 00:00:00,2023-12-31 00:00:00,2do Semestre 2023,-0.007820444235929567,0.3580120332897621,-0.10299270623074275,8.103622824262574,57.492825639378694,1.0
,110450,SALMOCONCESIONES XI REGION S.A.,TRUCHA ARCOIRIS,14.566,2023-03-01 00:00:00,2023-08-31 00:00:00,2do Semestre 2023,-1.865747657361202,0.0015648172498816126,-1.887187027467794,2.7450890485371966,3.8165429383147256,1.0
,110451,MULTI X S.A.,SALMON DEL ATLANTICO,3248.015,2022-11-01 00:00:00,2023-12-31 00:00:00,2do Semestre 2023,-0.04023252913702149,0.3517937071102298,-0.1341184992173823,8.086107152463613,56.99135899414928,1.0
,110452,CERMAQ CHILE S.A.,SALMON DEL ATLANTICO,4002.378,2022-07-01 00:00:00,2023-11-30 00:00:00,2do Semestre 2023,0.3856597823460351,0.43350203652619457,0.2748720350933694,8.294893783712537,63.26435015077607,1.0
,110453,SALMONES ANTARTICA S.A.,TRUCHA ARCOIRIS,7343.411,2022-09-01 00:00:00,2023-12-31 00:00:00,2do Semestre 2023,2.2719138365761213,0.7953838161914341,2.0862690307305534,8.901694894786685,85.69370455290166,1.0
,110556,AQUAINNOVO SPA,SALMON COHO,2392.688,2023-02-01 00:00:00,2023-11-30 00:00:00,2do Semestre 2023,-0.5231262992501741,0.2591495288109642,-0.597848357044996,7.780590551810235,48.915110139914844,1.0
,110586,NUEVA CERMAQ CHILE S.A.,SALMON COHO,724.496,2023-03-01 00:00:00,2023-11-30 00:00:00,2do Semestre 2023,-1.4649409784928502,0.07846041565844071,-1.5022865882585115,6.5868555588700355,26.916463363525306,1.0
,110591,EXPORTADORA LOS FIORDOS LTDA.,SALMON COHO,3114.718,2022-12-01 00:00:00,2023-10-31 00:00:00,2do Semestre 2023,-0.11548829783691396,0.33735573071669,-0.20638770018829453,8.04421490225336,55.80965866227816,1.0
,110631,SALMONES BLUMAR S.A.,SALMON DEL ATLANTICO,3436.655,2022-11-01 00:00:00,2023-10-31 00:00:00,2do Semestre 2023,0.06626835391021692,0.3722261239453975,-0.031844163927368996,8.142544831867353,58.62299037067284,1.0
,110646,EXPORTADORA LOS FIORDOS LTDA.,SALMON COHO,0.333,2023-04-01 00:00:00,2023-07-30 00:00:00,2do Semestre 2023,-1.8737832122191922,2.3179268462287336e-05,-1.894903686788101,0.2874320411965716,0.5770615218501404,1.0
,110670,CULTIVOS YADRAN S.A.,SALMON DEL ATLANTICO,4503.258,2022-04-01 00:00:00,2023-07-31 00:00:00,2do Semestre 2023,0.6684426613785873,0.4877545224485799,0.5464325156916611,8.412778450594582,67.10631862947035,1.0
,110702,SALMONES BLUMAR S.A.,SALMON DEL ATLANTICO,2425.879,2022-06-01 00:00:00,2023-08-31 00:00:00,2do Semestre 2023,-0.5043875863090117,0.2627445900237295,-0.5798533005214017,7.7943613486947205,49.25321309315769,1.0
,110703,EXPORTADORA LOS FIORDOS LTDA.,SALMON DEL ATLANTICO,3979.549,2022-09-01 00:00:00,2023-09-30 00:00:00,2do Semestre 2023,0.3727711656206035,0.4310293284900938,0.26249491040965583,8.28917502846417,63.083666665786005,1.0
,110725,SALMONES CAMANCHACA S.A.,SALMON DEL ATLANTICO,3948.765,2022-06-01 00:00:00,2023-07-31 00:00:00,2do Semestre 2023,0.3553913777509778,0.4276949798903599,0.24580484924782495,8.281411362454463,62.8391995493259,1.0
,110742,EXPORTADORA LOS FIORDOS LTDA.,SALMON DEL ATLANTICO,2428.566,2022-10-01 00:00:00,2023-11-30 00:00:00,2do Semestre 2023,-0.5028705810463532,0.2630356306515714,-0.5783964984702765,7.795467919560522,49.28048295217895,1.0
,110773,EXPORTADORA LOS FIORDOS LTDA.,SALMON COHO,4.074,2023-03-01 00:00:00,2023-07-31 00:00:00,2do Semestre 2023,-1.8716711479513821,0.0004283832091978803,-1.8928754409848783,1.62412946117709,2.018415219918835,1.0
,110797,EXPORTADORA LOS FIORDOS LTDA.,SALMON COHO,0.661,2023-05-01 00:00:00,2023-09-30 00:00:00,2do Semestre 2023,-1.8735980325667352,5.870637152598006e-05,-1.8947258560948488,0.5074198306311578,0.8130190649671138,1.0
,110803,AUSTRALIS MAR S.A.,SALMON DEL ATLANTICO,2985.248,2022-10-01 00:00:00,2023-12-31 00:00:00,2do Semestre 2023,-0.18858344906743724,0.32333227329700615,-0.2765820290156799,8.001773028903504,54.637423072469296,1.0
,110813,MULTI X S.A.,SALMON DEL ATLANTICO,5348.462,2022-05-01 00:00:00,2023-07-31 00:00:00,2do Semestre 2023,1.1456212680105742,0.5793022346981086,1.0046740195320996,8.584751274085818,73.1331798843726,1.0
,110824,EXPORTADORA LOS FIORDOS LTDA.,SALMON DEL ATLANTICO,3704.21,2022-09-01 00:00:00,2023-10-31 00:00:00,2do Semestre 2023,0.2173224451088164,0.4012061668118801,0.11321526025901484,8.21749521628587,60.86222145140613,1.0
,110839,EXPORTADORA LOS FIORDOS LTDA.,SALMON DEL ATLANTICO,4117.951,2022-09-01 00:00:00,2023-09-30 00:00:00,2do Semestre 2023,0.4509090749479141,0.44602024958223163,0.3375318726276817,8.323353798274038,64.17126303884005,1.0
,110851,"TORNAGALEONES S.A., GRANJA MARINA",SALMON COHO,3769.501,2023-01-01 00:00:00,2023-10-31 00:00:00,2do Semestre 2023,0.25418392281787733,0.4082781182939886,0.14861386938444032,8.234963162859481,61.39626210120613,1.0
,110865,EXPORTADORA LOS FIORDOS LTDA.,SALMON DEL ATLANTICO,3773.601,2022-08-01 00:00:00,2023-09-30 00:00:00,2do Semestre 2023,0.2564986684735901,0.4087222070822847,0.1508367530500947,8.236049960732737,61.42964268168911,1.0
,110874,SALMONES PACIFIC STAR S.A.,SALMON DEL ATLANTICO,4526.152,2022-07-01 00:00:00,2023-08-31 00:00:00,2do Semestre 2023,0.6813679752912437,0.49023427091669025,0.5588448812139765,8.417848323192144,67.27668243901448,1.0
,110885,EXPORTADORA LOS FIORDOS LTDA.,SALMON DEL ATLANTICO,3362.478,2022-05-01 00:00:00,2023-07-31 00:00:00,2do Semestre 2023,0.024390088421481746,0.36419169125041106,-0.07206046677303968,8.120730836638561,57.98687782593576,1.0
,110924,AQUAINNOVO SPA,SALMON COHO,2416.864,2023-04-01 00:00:00,2023-12-31 00:00:00,2do Semestre 2023,-0.5094772038910242,0.261768136261171,-0.5847409337521028,7.7906397847625,49.161611039509275,1.0
,110939,MULTI X S.A.,SALMON DEL ATLANTICO,6161.641,2022-08-01 00:00:00,2023-08-31 00:00:00,2do Semestre 2023,1.604719452782998,0.6673811802536895,1.4455526332767852,8.72626069841374,78.496120923266,1.0
,110941,AQUAINNOVO SPA,SALMON COHO,1245.228,2023-05-01 00:00:00,2023-10-31 00:00:00,2do Semestre 2023,-1.1709502139097583,0.1348631578308884,-1.2199630133844703,7.127876668161356,35.28778825599587,1.0
,110950,MULTI X S.A.,SALMON DEL ATLANTICO,5690.235,2022-10-01 00:00:00,2023-11-30 00:00:00,2do Semestre 2023,1.3385767721544655,0.6163211511474604,1.1899719754008102,8.646682551020655,75.43364633901771,1.0
,120067,NOVA AUSTRAL S.A.,SALMON DEL ATLANTICO,721.794,2022-02-01 00:00:00,2023-08-31 00:00:00,2do Semestre 2023,-1.4664664523371762,0.07816775031551967,-1.5037515228108527,6.583124257632153,26.86622414854756,1.0
,120089,NOVA AUSTRAL S.A.,SALMON DEL ATLANTICO,2955.938,2022-02-01 00:00:00,2023-12-31 00:00:00,2do Semestre 2023,-0.20513105764522852,0.3201575800323817,-0.2924729363913705,7.991909552436179,54.36853869656605,1.0
,120094,AQUACHILE MAGALLANES SPA.,SALMON DEL ATLANTICO,9232.507,2022-03-01 00:00:00,2023-08-31 00:00:00,2do Semestre 2023,3.3384447534601622,1.0,3.1104740651825393,9.1305942119947,96.08593549526383,1.0
,120110,CERMAQ CHILE S.A.,SALMON DEL ATLANTICO,3614.568,2022-02-01 00:00:00,2023-09-30 00:00:00,2do Semestre 2023,0.16671307192115467,0.3914966528703083,0.0646143486598453,8.193004245348526,60.12127743153833,1.0
,120147,AUSTRALIS MAR S.A.,SALMON DEL ATLANTICO,6018.715,2022-04-01 00:00:00,2023-09-30 00:00:00,2do Semestre 2023,1.5240274192248475,0.6519002450936855,1.3680629086920717,8.702795194989498,77.58037767373912,1.0
,100124,AQUACHILE MAULLIN LIMITADA,SALMON DEL ATLANTICO,5305.373,2023-06-01 00:00:00,2024-06-30 00:00:00,1er Semestre 2024,1.1212944203132538,0.574635078161793,0.9813125965395664,8.576663830003014,72.83799146050089,1.0
,100189,CERMAQ CHILE S.A.,SALMON DEL ATLANTICO,3495.39,2022-09-01 00:00:00,2024-02-29 00:00:00,1er Semestre 2024,0.09942849685858154,0.37858796662358646,0.0,8.159486286617584,59.12182338189511,1.0
,100220,AQUACHILE SPA,SALMON COHO,0.119,2024-03-01 00:00:00,2024-06-30 00:00:00,1er Semestre 2024,-1.8739040306509782,0.0,-1.8950197104721132,0.11243542932978817,0.3449637662132068,1.0
,100367,SALMONES AYSEN S.A.,SALMON COHO,3984.451,2023-05-01 00:00:00,2024-02-29 00:00:00,1er Semestre 2024,0.3755386981094583,0.43156028537795427,0.2651526118069822,8.29040575922459,63.12250787159839,1.0
,100417,SALMOCONCESIONES S.A.,SALMON COHO,4268.175,2023-02-01 00:00:00,2024-02-29 00:00:00,1er Semestre 2024,0.5357213557732339,0.4622916627854029,0.4189783301372605,8.359175879124603,65.33127122596039,1.0
,100446,PRODUCTOS DEL MAR VENTISQUEROS S.A.,SALMON COHO,4120.36,2023-04-01 00:00:00,2024-01-31 00:00:00,1er Semestre 2024,0.452269129163673,0.44628117882394025,0.33883795232294045,8.323938484960893,64.19003037855644,1.0
,100497,SALMONES AYSEN S.A.,SALMON COHO,2195.836,2023-03-01 00:00:00,2024-01-31 00:00:00,1er Semestre 2024,-0.634263448474172,0.23782763462714088,-0.7045749656672907,7.694773422352121,46.859748185409615,1.0
,100505,TRUSAL S.A.,SALMON COHO,1859.463,2023-05-01 00:00:00,2024-01-31 00:00:00,1er Semestre 2024,-0.8241702632178565,0.20139361560627653,-0.8869452210983105,7.5285806604618095,43.121491161600616,1.0
,100592,SALMONES AYSEN S.A.,SALMON COHO,3088.674,2023-06-01 00:00:00,2024-02-29 00:00:00,1er Semestre 2024,-0.13019201389969098,0.3345347920819619,-0.22050789096592963,8.03582086270798,55.575840074622356,1.0
,100596,SALMONES ANTARTICA S.A.,TRUCHA ARCOIRIS,3301.32,2023-02-01 00:00:00,2024-03-31 00:00:00,1er Semestre 2024,-0.0101380127521982,0.3575674029297729,-0.1052183007301358,8.102380530747562,57.45711444199056,1.0
,100602,CALETA BAY MAR SpA,TRUCHA ARCOIRIS,2878.748,2023-04-01 00:00:00,2024-02-29 00:00:00,1er Semestre 2024,-0.24871037890485703,0.31179679623516693,-0.33432278764792334,7.9654580693016435,53.65396537069744,1.0
,100680,AQUACHILE MAULLIN LIMITADA,SALMON DEL ATLANTICO,5201.634,2022-12-01 00:00:00,2024-01-31 00:00:00,1er Semestre 2024,1.0627262740747179,0.5633986569888528,0.9250687602977797,8.556920314783756,72.12235437088836,1.0
,100982,SALMOCONCESIONES S.A.,TRUCHA ARCOIRIS,2686.225,2023-03-01 00:00:00,2024-04-30 00:00:00,1er Semestre 2024,-0.35740349545968875,0.29094379482318117,-0.4387023564193356,7.896264341618903,51.82880473250372,1.0
,100988,INVERMAR S.A.,SALMON COHO,4246.828,2023-01-01 00:00:00,2024-01-31 00:00:00,1er Semestre 2024,0.5236694349165261,0.4599794765991205,0.4074046965736691,8.354163072459862,65.16769138154274,1.0
,101003,MOWI CHILE S.A.,SALMON DEL ATLANTICO,5889.103,2022-12-01 00:00:00,2024-03-31 00:00:00,1er Semestre 2024,1.4508520987545408,0.6378614070379193,1.2977915921865097,8.681028763759285,76.74049126764827,1.0
,101262,CALETA BAY MAR SpA,TRUCHA ARCOIRIS,2015.546,2023-05-01 00:00:00,2024-05-31 00:00:00,1er Semestre 2024,-0.7360501543933119,0.21829964251935688,-0.8023222086138367,7.609141425855866,44.89483266479562,1.0
,101279,SALMOCONCESIONES S.A.,TRUCHA ARCOIRIS,2531.443,2023-07-01 00:00:00,2024-05-31 00:00:00,1er Semestre 2024,-0.44478909596762767,0.27417868486463093,-0.5226200099650247,7.836939728465792,50.313447506606025,1.0
,101294,AQUACHILE MAULLIN LIMITADA,SALMON COHO,3597.837,2023-04-01 00:00:00,2024-01-31 00:00:00,1er Semestre 2024,0.15726721592951257,0.38968444567104416,0.0555433568037319,8.188366016694959,59.9819722916811,1.0
,101296,"AQUACHILE S.A., EMPRESAS",SALMON DEL ATLANTICO,5002.06,2023-04-01 00:00:00,2024-05-31 00:00:00,1er Semestre 2024,0.9500523595641713,0.5417819311753364,0.8168663737881898,8.517805004220609,70.72524301831702,1.0
,101308,MULTI X S.A.,SALMON DEL ATLANTICO,3550.199,2023-02-01 00:00:00,2024-03-31 00:00:00,1er Semestre 2024,0.1303721296985736,0.3845245672083972,0.029715617275818222,8.175040571924832,59.58354638656548,1.0
,101768,AQUACHILE MAULLIN LIMITADA,SALMON COHO,2999.946,2023-04-01 00:00:00,2024-01-31 00:00:00,1er Semestre 2024,-0.18028536817776222,0.3249242774458786,-0.26861326215768266,8.006682851276473,54.77176279799656,1.0
,101925,CALETA BAY MAR SpA,TRUCHA ARCOIRIS,3141.943,2023-05-01 00:00:00,2024-04-30 00:00:00,1er Semestre 2024,-0.10011782211086911,0.34030458858531515,-0.1916272104816011,8.052914901093823,56.05303738424886,1.0
,101936,SALMONES AYSEN S.A.,SALMON COHO,4084.056,2023-05-01 00:00:00,2024-03-31 00:00:00,1er Semestre 2024,0.43177290324050244,0.4423489350750857,0.3191551307136921,8.31509071589047,63.90661937546063,1.0
,101942,MULTI X S.A.,SALMON DEL ATLANTICO,3191.266,2023-04-01 00:00:00,2024-06-30 00:00:00,1er Semestre 2024,-0.0722714318726433,0.3456469767085179,-0.16488591998377825,8.068486288431004,56.49129136424481,1.0
,101953,CERMAQ CHILE S.A.,SALMON COHO,3987.288,2023-04-01 00:00:00,2024-01-31 00:00:00,1er Semestre 2024,0.37714038918878934,0.43186757315658747,0.2666907388702655,8.291117345124182,63.14497604718843,1.0
,101974,SALMONES AYSEN S.A.,SALMON COHO,3090.663,2023-04-01 00:00:00,2024-02-29 00:00:00,1er Semestre 2024,-0.12906907997061465,0.33475022930145487,-0.21942952130471335,8.036464412822996,55.593731661042504,1.0
,101991,INVERMAR S.A.,SALMON DEL ATLANTICO,5105.643,2023-01-01 00:00:00,2024-06-30 00:00:00,1er Semestre 2024,1.008532432553368,0.5530014553114536,0.8730256320173321,8.538297520150982,71.45378226518173,1.0
,102007,AQUACHILE SPA,SALMON COHO,2167.328,2023-06-01 00:00:00,2024-01-31 00:00:00,1er Semestre 2024,-0.6503582702188213,0.23473980946208067,-0.7200310553113094,7.681711642629045,46.55457013011719,1.0
,102008,AQUAINNOVO SPA,SALMON COHO,1.85,2024-02-01 00:00:00,2024-05-31 00:00:00,1er Semestre 2024,-1.8729267563265786,0.00018749212013186622,-1.8940812198318089,1.0473189942805592,1.3601470508735443,1.0
,102009,AQUACHILE SPA,SALMON COHO,2438.327,2023-06-01 00:00:00,2024-01-31 00:00:00,1er Semestre 2024,-0.4973597926694228,0.2640928869107321,-0.5731044088457756,7.799477460569875,49.37941878961315,1.0
,102041,CERMAQ CHILE S.A.,SALMON DEL ATLANTICO,3266.405,2023-02-01 00:00:00,2024-04-30 00:00:00,1er Semestre 2024,-0.02985004801298233,0.353785607797246,-0.12414805272680036,8.091751370859953,57.15247151261265,1.0
,102053,PRODUCTOS DEL MAR VENTISQUEROS S.A.,SALMON DEL ATLANTICO,3485.906,2023-02-01 00:00:00,2024-02-29 00:00:00,1er Semestre 2024,0.0940740949564399,0.37756071343622044,-0.0051419094353820855,8.156770089042437,59.04156163246362,1.0
,102066,CERMAQ CHILE S.A.,SALMON DEL ATLANTICO,3592.384,2022-12-01 00:00:00,2024-03-31 00:00:00,1er Semestre 2024,0.15418860420741445,0.3890938075826103,0.05258692152841151,8.186849655881,59.936499730965274,1.0
,102073,"AQUACHILE S.A., EMPRESAS",SALMON DEL ATLANTICO,0.157,2024-02-01 00:00:00,2024-05-31 00:00:00,1er Semestre 2024,-1.8738825769107545,4.115944867135134e-06,-1.8949991081356998,0.14583044821153954,0.396232255123179,1.0
,102083,FIORDO BLANCO S.A.,SALMON COHO,4471.285,2023-03-01 00:00:00,2024-01-31 00:00:00,1er Semestre 2024,0.6503915972688049,0.48429138810024014,0.5290978182667905,8.405654742679049,66.86766782234893,1.0
,102085,AQUAINNOVO SPA,SALMON COHO,6.818,2024-02-01 00:00:00,2024-05-31 00:00:00,1er Semestre 2024,-1.8701219620783878,0.0007255977543404805,-1.8913877354291329,2.056428767370763,2.6111300235721697,1.0
,102104,SALMONES ANTARTICA S.A.,TRUCHA ARCOIRIS,2760.344,2023-03-01 00:00:00,2024-04-30 00:00:00,1er Semestre 2024,-0.3155579751534003,0.29897194528652826,-0.3985174992450327,7.923472796708084,52.53897600829312,1.0
,102105,CERMAQ CHILE S.A.,SALMON DEL ATLANTICO,5874.85,2022-11-01 00:00:00,2024-02-29 00:00:00,1er Semestre 2024,1.4428052524543276,0.6363176027697277,1.2900640895312483,8.678606009398159,76.6475700854241,1.0
,102139,"TORNAGALEONES S.A., GRANJA MARINA",SALMON COHO,4268.006,2023-05-01 00:00:00,2024-02-29 00:00:00,1er Semestre 2024,0.5356259430864497,0.46227335766217803,0.4188867039568958,8.359136292238352,65.32997780498629,1.0
,102149,CULTIVOS YADRAN S.A.,SALMON DEL ATLANTICO,2142.98,2023-05-01 00:00:00,2024-06-30 00:00:00,1er Semestre 2024,-0.6641044719810889,0.23210257194563313,-0.7332317312848105,7.670419193788974,46.29233197841733,1.0
,102262,SALMONES CAMANCHACA S.A.,SALMON DEL ATLANTICO,5847.364,2023-05-01 00:00:00,2024-06-30 00:00:00,1er Semestre 2024,1.4272874234072723,0.6333404748587257,1.2751620943033997,8.67391724299462,76.46805869119471,1.0
,102305,SALMONES AYSEN S.A.,SALMON COHO,3107.927,2023-04-01 00:00:00,2024-02-29 00:00:00,1er Semestre 2024,-0.11932230704372992,0.3366201680431975,-0.21006955457206494,8.04203292956437,55.74878474011788,1.0
,102385,"AQUACHILE S.A., EMPRESAS",SALMON DEL ATLANTICO,3.762,2023-11-01 00:00:00,2024-01-31 00:00:00,1er Semestre 2024,-1.8718472944500606,0.0003945891355519287,-1.893044597010167,1.5606677480646711,1.9395875850293536,1.0
,102418,SALMONES CAMANCHACA S.A.,SALMON DEL ATLANTICO,6051.229,2022-11-01 00:00:00,2024-01-31 00:00:00,1er Semestre 2024,1.542383916846762,0.6554219774992127,1.385690918327459,8.708181912923378,77.78964584056159,1.0
,102458,SALMONES AYSEN S.A.,SALMON COHO,3180.808,2023-04-01 00:00:00,2024-02-29 00:00:00,1er Semestre 2024,-0.07817572701104462,0.34451422535534687,-0.1705558998314403,8.06520486766806,56.39865246617156,1.0
,102504,CERMAQ CHILE S.A.,SALMON DEL ATLANTICO,3495.39,2023-02-01 00:00:00,2024-05-31 00:00:00,1er Semestre 2024,0.09942849685858154,0.37858796662358646,0.0,8.159486286617584,59.12182338189511,1.0
,102512,INVERMAR S.A.,SALMON DEL ATLANTICO,7218.653,2022-08-01 00:00:00,2024-02-29 00:00:00,1er Semestre 2024,2.2014789491333344,0.7818707359352749,2.0186293916184277,8.88456216979008,84.96265650272477,1.0
,102682,SALMONES CAMANCHACA S.A.,SALMON DEL ATLANTICO,4121.119,2023-04-01 00:00:00,2024-04-30 00:00:00,1er Semestre 2024,0.45269763939603547,0.4463633894069443,0.33924945688446034,8.324122630514523,64.19594223936588,1.0
,102742,TRUSAL S.A.,SALMON DEL ATLANTICO,7014.846,2022-11-01 00:00:00,2024-01-31 00:00:00,1er Semestre 2024,2.0864152008762917,0.7597955155264272,1.9081320132657358,8.855926583982155,83.7546774813204,1.0
,102906,AQUACHILE SPA,SALMON COHO,2.423,2024-04-01 00:00:00,2024-06-30 00:00:00,1er Semestre 2024,-1.87260325650689,0.0002495562361547197,-1.8937705582853652,1.2305173595480483,1.5565988564816564,1.0
,102907,AQUACHILE SPA,SALMON COHO,0.609,2024-02-01 00:00:00,2024-05-31 00:00:00,1er Semestre 2024,-1.873627390316515,5.3074025918321465e-05,-1.8947540487657302,0.47561286801024616,0.7803845206050668,1.0
,102987,CERMAQ CHILE S.A.,SALMON COHO,4451.371,2023-03-01 00:00:00,2024-01-31 00:00:00,1er Semestre 2024,0.6391487082473744,0.48213441636118415,0.5183011096526827,8.40119204225674,66.71859560872066,1.0
,103312,AQUACHILE SPA,SALMON COHO,6.582,2024-04-01 00:00:00,2024-06-30 00:00:00,1er Semestre 2024,-1.8702552010966194,0.0007000355704287992,-1.8915156867815952,2.025777017094143,2.565540878645281,1.0
,103418,PRODUCTOS DEL MAR VENTISQUEROS S.A.,SALMON DEL ATLANTICO,3543.742,2022-10-01 00:00:00,2024-01-31 00:00:00,1er Semestre 2024,0.12672668757688146,0.38382518152400014,0.026214846585786402,8.173220657756385,59.52933730523128,1.0
,103452,CALETA BAY MAR SpA,TRUCHA ARCOIRIS,1863.179,2023-07-01 00:00:00,2024-06-30 00:00:00,1er Semestre 2024,-0.8220723132528249,0.20179611168854691,-0.8849305294637807,7.530576020677866,43.16455722001559,1.0
,103528,MULTI X S.A.,SALMON DEL ATLANTICO,3495.39,2023-01-01 00:00:00,2024-05-31 00:00:00,1er Semestre 2024,0.09942849685858154,0.37858796662358646,0.0,8.159486286617584,59.12182338189511,1.0
,103704,CALETA BAY MAR SpA,TRUCHA ARCOIRIS,2924.07,2023-06-01 00:00:00,2024-04-30 00:00:00,1er Semestre 2024,-0.22312284168334015,0.31670581868959585,-0.30975070630773044,7.981073691003532,54.07467059539059,1.0
,103966,TRUSAL S.A.,SALMON COHO,6472.923,2023-04-01 00:00:00,2024-01-31 00:00:00,1er Semestre 2024,1.7804605886858311,0.7010974842045201,1.6143193828407476,8.775537540686697,80.45447781199006,1.0
,110126,AQUACHILE SPA,SALMON DEL ATLANTICO,5725.142,2023-03-01 00:00:00,2024-05-31 00:00:00,1er Semestre 2024,1.3582842908383606,0.6201020797652785,1.2088973900634932,8.652797284512285,75.66466810870183,1.0
,110127,AQUACHILE MAULLIN LIMITADA,SALMON COHO,5759.883,2023-03-01 00:00:00,2024-01-31 00:00:00,1er Semestre 2024,1.3778980905518048,0.6238650282028876,1.2277328050460543,8.658846040552017,75.89389303494715,1.0
,110186,CERMAQ CHILE S.A.,SALMON DEL ATLANTICO,4236.176,2022-09-01 00:00:00,2024-01-31 00:00:00,1er Semestre 2024,0.5176556127885618,0.45882571226425933,0.4016295363769493,8.351652288588486,65.08591245423237,1.0
,110202,CERMAQ CHILE S.A.,SALMON DEL ATLANTICO,4369.552,2022-06-01 00:00:00,2024-01-31 00:00:00,1er Semestre 2024,0.5929559826852346,0.47327224549054914,0.47394156852093106,8.382644595901942,66.1025869387878,1.0
,110207,MOWI CHILE S.A.,SALMON DEL ATLANTICO,3674.918,2022-09-01 00:00:00,2024-01-31 00:00:00,1er Semestre 2024,0.20078499882902584,0.39803342320535057,0.09733411188478319,8.209558176371498,60.62110193653692,1.0
,110214,"AQUACHILE S.A., EMPRESAS",SALMON DEL ATLANTICO,3745.713,2023-01-01 00:00:00,2024-04-30 00:00:00,1er Semestre 2024,0.24075388143785342,0.405701536807162,0.13571680678966278,8.22863420125115,61.20223035151579,1.0
,110217,"AQUACHILE S.A., EMPRESAS",SALMON DEL ATLANTICO,4946.097,2022-12-01 00:00:00,2024-02-29 00:00:00,1er Semestre 2024,0.9184572105079126,0.5357203358437709,0.7865250960855018,8.506556218878615,70.32849351436442,1.0
,110242,AQUACHILE MAULLIN LIMITADA,SALMON COHO,2989.201,2023-06-01 00:00:00,2024-03-31 00:00:00,1er Semestre 2024,-0.18635169551206335,0.32376043987752684,-0.2744388438619404,8.003095888205563,54.6735859442199,1.0
,110261,COOKE AQUACULTURE CHILE S.A.,SALMON DEL ATLANTICO,3587.854,2023-01-01 00:00:00,2024-03-31 00:00:00,1er Semestre 2024,0.1516310925439072,0.3886031436287123,0.0501309061612371,8.185588210465047,59.898697815561896,1.0
,110270,"AQUACHILE S.A., EMPRESAS",SALMON DEL ATLANTICO,3072.469,2022-12-01 00:00:00,2024-02-29 00:00:00,1er Semestre 2024,-0.1393409049608683,0.332779558224806,-0.22929370311274186,8.030562170075276,55.42985657567589,1.0
,110278,CERMAQ CHILE S.A.,SALMON DEL ATLANTICO,3563.786,2022-10-01 00:00:00,2024-01-31 00:00:00,1er Semestre 2024,0.1380429709727616,0.3859962341270753,0.03708203687709795,8.17885930299615,59.6974538820543,1.0
,110285,SALMOCONCESIONES XI REGION S.A.,SALMON COHO,5716.238,2022-12-01 00:00:00,2024-01-31 00:00:00,1er Semestre 2024,1.3532573407606858,0.6191376488943057,1.2040699373417891,8.6512411006231,75.60580665530922,1.0
,110305,SALMONES DE CHILE S.A.,TRUCHA ARCOIRIS,48.095,2023-09-01 00:00:00,2024-01-31 00:00:00,1er Semestre 2024,-1.846818119046471,0.0051964887090967145,-1.86900871858347,3.8937571966212534,6.935055875766251,1.0
,110350,SALMONES ANTARTICA S.A.,TRUCHA ARCOIRIS,2648.784,2023-05-01 00:00:00,2024-06-30 00:00:00,1er Semestre 2024,-0.3785416398732364,0.2868883976713284,-0.4590016216207423,7.882233406224231,51.46633851363433,1.0
,110351,SALMONES ANTARTICA S.A.,TRUCHA ARCOIRIS,2995.68,2023-07-01 00:00:00,2024-06-30 00:00:00,1er Semestre 2024,-0.18269383280392595,0.32446220847737334,-0.2709261455034588,8.005260288175867,54.73280551917652,1.0
,110365,MOWI CHILE S.A.,SALMON DEL ATLANTICO,3591.743,2022-10-01 00:00:00,2024-01-31 00:00:00,1er Semestre 2024,0.1538267134841676,0.38902437809156204,0.05223939264312257,8.186671256584216,59.93115216646515,1.0
,110397,AQUACHILE SPA,SALMON DEL ATLANTICO,3039.75,2023-03-01 00:00:00,2024-03-31 00:00:00,1er Semestre 2024,-0.15781313986556822,0.329235621379864,-0.24703285693141203,8.019859474498546,55.133927848467316,1.0
,110433,AQUACHILE SPA,SALMON COHO,12.964,2023-12-01 00:00:00,2024-04-30 00:00:00,1er Semestre 2024,-1.8666521018832634,0.001391297679430284,-1.8880555785976423,2.6364825892427897,3.6005555126952284,1.0
,110434,"AQUACHILE S.A., EMPRESAS",SALMON COHO,699.382,2023-05-01 00:00:00,2024-01-31 00:00:00,1er Semestre 2024,-1.4791196424922584,0.07574020935861882,-1.5159025639607666,6.551625900481228,26.445831429546697,1.0
,110435,AQUACHILE SPA,SALMON COHO,5.169,2024-02-01 00:00:00,2024-06-30 00:00:00,1er Semestre 2024,-1.8710529414896735,0.0005469874099745375,-1.8922817683961244,1.8195367502275015,2.273543489797369,1.0
,110441,SALMONES BLUMAR S.A.,SALMON DEL ATLANTICO,3236.934,2022-11-01 00:00:00,2024-01-31 00:00:00,1er Semestre 2024,-0.046488552700668706,0.3505934759241055,-0.14012624894887404,8.082690751077406,56.894059443847034,1.0
,110454,MULTI X S.A.,SALMON DEL ATLANTICO,2812.962,2022-11-01 00:00:00,2024-01-31 00:00:00,1er Semestre 2024,-0.28585131980893685,0.30467122915544714,-0.36998976931347044,7.942348733674129,53.03736418790059,1.0
,110466,AQUAINNOVO SPA,SALMON COHO,3390.832,2023-05-01 00:00:00,2024-02-29 00:00:00,1er Semestre 2024,0.04039796606101404,0.3672628360073255,-0.05668787080817001,8.12912546738334,58.230850929726245,1.0
,110492,SALMONES CAMANCHACA S.A.,SALMON DEL ATLANTICO,3037.059,2023-02-01 00:00:00,2024-04-30 00:00:00,1er Semestre 2024,-0.15933240341667135,0.3289441474946677,-0.24849182764952807,8.018974103638634,55.10951823414899,1.0
,110507,EXPORTADORA LOS FIORDOS LTDA.,SALMON DEL ATLANTICO,3311.094,2023-04-01 00:00:00,2024-04-30 00:00:00,1er Semestre 2024,-0.004619884937823229,0.3586260672753355,-0.09991916293791477,8.105335896744911,57.54210632224024,1.0
,110509,SALMONES ANTARTICA S.A.,TRUCHA ARCOIRIS,4444.252,2022-12-01 00:00:00,2024-01-31 00:00:00,1er Semestre 2024,0.6351295193881014,0.481363326584628,0.5144414245756599,8.399591839254409,66.66522331770892,1.0
,110510,EXPORTADORA LOS FIORDOS LTDA.,SALMON DEL ATLANTICO,3457.41,2023-02-01 00:00:00,2024-02-29 00:00:00,1er Semestre 2024,0.07798604807712423,0.37447418804322347,-0.020591493078428225,8.148564224859767,58.7997448974058,1.0
,110513,MULTI X S.A.,SALMON DEL ATLANTICO,4763.996,2023-03-01 00:00:00,2024-06-30 00:00:00,1er Semestre 2024,0.815648064495481,0.5159961864687663,0.6877959891588338,8.469051976633596,69.02170673056412,1.0
,110525,MOWI CHILE S.A.,SALMON DEL ATLANTICO,4211.909,2023-02-01 00:00:00,2024-05-31 00:00:00,1er Semestre 2024,0.5039551413672969,0.456197248209239,0.3884727759100132,8.345908661935626,64.8992218751504,1.0
,110550,MULTI X S.A.,SALMON DEL ATLANTICO,3045.365,2023-04-01 00:00:00,2024-06-30 00:00:00,1er Semestre 2024,-0.154643067461464,0.3298438063911525,-0.24398859064296102,8.021704355560459,55.184825812898964,1.0
,110553,MULTI X S.A.,SALMON DEL ATLANTICO,2503.226,2022-12-01 00:00:00,2024-01-31 00:00:00,1er Semestre 2024,-0.46071962722793264,0.27112237917210585,-0.5379183290854568,7.825734983738252,50.03224959963324,1.0
,110555,EXPORTADORA LOS FIORDOS LTDA.,SALMON COHO,3379.466,2023-01-01 00:00:00,2024-01-31 00:00:00,1er Semestre 2024,0.033981039445689046,0.3660317352346977,-0.0628501380627623,8.12576884879638,58.133174693973146,1.0
,110565,MOWI CHILE S.A.,SALMON DEL ATLANTICO,4995.925,2022-12-01 00:00:00,2024-03-31 00:00:00,1er Semestre 2024,0.9465887096622692,0.5411174227079713,0.8135401807909238,8.516578002226165,70.68185764395274,1.0
,110575,MOWI CHILE S.A.,SALMON DEL ATLANTICO,3698.725,2022-11-01 00:00:00,2024-02-29 00:00:00,1er Semestre 2024,0.2142257670791614,0.40061206266461075,0.11024147564776729,8.216013771545802,60.817143964510535,1.0
,110582,CERMAQ CHILE S.A.,SALMON DEL ATLANTICO,3360.552,2022-07-01 00:00:00,2024-01-31 00:00:00,1er Semestre 2024,0.023302722535407883,0.3639830778342505,-0.07310467992914951,8.12015805107399,57.97026824157363,1.0
,110595,EXPORTADORA LOS FIORDOS LTDA.,SALMON DEL ATLANTICO,3162.026,2022-11-01 00:00:00,2024-02-29 00:00:00,1er Semestre 2024,-0.08877952040265429,0.342479865447596,-0.1807388756871286,8.059284443316127,56.231894864036015,1.0
,110627,SALMONES BLUMAR S.A.,SALMON DEL ATLANTICO,3295.794,2023-02-01 00:00:00,2024-05-31 00:00:00,1er Semestre 2024,-0.013257838238410402,0.3569688578946206,-0.10821431417803996,8.100705760076336,57.409006262084,1.0
,110638,CULTIVOS YADRAN S.A.,SALMON DEL ATLANTICO,3771.815,2022-10-01 00:00:00,2024-01-31 00:00:00,1er Semestre 2024,0.25549034268307713,0.40852875767352936,0.1498684432386657,8.235576686162121,61.41510400544804,1.0
,110650,SALMONES BLUMAR S.A.,SALMON DEL ATLANTICO,3810.805,2023-02-01 00:00:00,2024-04-30 00:00:00,1er Semestre 2024,0.2775030092967953,0.4127519337358872,0.17100752473229158,8.245858109215932,61.73171794142781,1.0
,110657,AQUAINNOVO SPA,SALMON COHO,25.636,2023-12-01 00:00:00,2024-04-30 00:00:00,1er Semestre 2024,-1.859497844090777,0.0027638569782812423,-1.8811852415705268,3.282263684248376,5.063200568810206,1.0
,110680,SALMONES BLUMAR S.A.,SALMON DEL ATLANTICO,514.114,2022-12-01 00:00:00,2024-01-31 00:00:00,1er Semestre 2024,-1.5837167883807004,0.05567302847324008,-1.6163487129774659,6.2443882353907,22.67408212034172,1.0
,110698,AUSTRALIS MAR S.A.,SALMON DEL ATLANTICO,2279.356,2023-01-01 00:00:00,2024-01-31 00:00:00,1er Semestre 2024,-0.5871103857509671,0.2468740481877495,-0.6592931988976664,7.732086850110728,47.742601521073404,1.0
,110717,AUSTRALIS MAR S.A.,SALMON DEL ATLANTICO,2574.475,2023-03-01 00:00:00,2024-03-31 00:00:00,1er Semestre 2024,-0.42049442888064337,0.27883966748364564,-0.49928949047711213,7.85378926210549,50.73928458305261,1.0
,110727,AUSTRALIS MAR S.A.,SALMON DEL ATLANTICO,2931.233,2023-05-01 00:00:00,2024-05-31 00:00:00,1er Semestre 2024,-0.2190788116511764,0.3174816742970508,-0.3058671658938078,7.983519527789105,54.14086257162884,1.0
,110731,EXPORTADORA LOS FIORDOS LTDA.,SALMON COHO,4207.274,2023-07-01 00:00:00,2024-02-29 00:00:00,1er Semestre 2024,0.5013383496321194,0.45569521124978724,0.3859598330343286,8.344807866366159,64.86350283479918,1.0
,110734,EXPORTADORA LOS FIORDOS LTDA.,SALMON COHO,3557.33,2023-07-01 00:00:00,2024-02-29 00:00:00,1er Semestre 2024,0.13439809342318046,0.3852969567570167,0.03358180835381371,8.177046612660128,59.64335671304894,1.0
,110740,EXPORTADORA LOS FIORDOS LTDA.,SALMON DEL ATLANTICO,3299.033,2023-03-01 00:00:00,2024-04-30 00:00:00,1er Semestre 2024,-0.011429189170397211,0.3573196880373745,-0.10645823608217295,8.101687747404572,57.437209194040754,1.0
,110749,SALMONES PACIFIC STAR S.A.,SALMON DEL ATLANTICO,3679.587,2023-02-01 00:00:00,2024-03-31 00:00:00,1er Semestre 2024,0.20342098601598269,0.3985391428523152,0.09986548842989058,8.210827529312036,60.65959940520544,1.0
,110772,SALMONES CAMANCHACA S.A.,SALMON DEL ATLANTICO,3818.233,2023-01-01 00:00:00,2024-02-29 00:00:00,1er Semestre 2024,0.28169665093841384,0.41355649264307354,0.17503473933436037,8.247804896100233,61.79185221370209,1.0
,110776,"TORNAGALEONES S.A., GRANJA MARINA",SALMON COHO,3613.55,2023-03-01 00:00:00,2024-01-31 00:00:00,1er Semestre 2024,0.16613833751200446,0.39138638887360455,0.06406242291066573,8.192722645516621,60.11281061471007,1.0
,110811,AUSTRALIS MAR S.A.,SALMON DEL ATLANTICO,2287.747,2023-02-01 00:00:00,2024-02-29 00:00:00,1er Semestre 2024,-0.5823730611663119,0.24778291380301606,-0.654743877717543,7.735759785228713,47.830398283936546,1.0
,110830,AUSTRALIS MAR S.A.,SALMON DEL ATLANTICO,2215.809,2023-06-01 00:00:00,2024-06-30 00:00:00,1er Semestre 2024,-0.6229872496981832,0.23999099691217488,-0.6937462692150671,7.703824053446699,47.07238043693988,1.0
,110832,CULTIVOS YADRAN S.A.,SALMON DEL ATLANTICO,5010.797,2023-01-01 00:00:00,2024-03-31 00:00:00,1er Semestre 2024,0.9549850260992839,0.5427282735517616,0.8216032846630242,8.519549812402403,70.78698326669954,1.0
,110833,INVERMAR S.A.,SALMON DEL ATLANTICO,3005.497,2022-07-01 00:00:00,2024-01-31 00:00:00,1er Semestre 2024,-0.1771514283887715,0.3255255303394961,-0.2656036945410857,8.008530892641108,54.82241329967151,1.0
,110857,AUSTRALIS MAR S.A.,SALMON DEL ATLANTICO,3102.85,2023-04-01 00:00:00,2024-04-30 00:00:00,1er Semestre 2024,-0.12218863965203597,0.33607025614608055,-0.2128221351502425,8.040398555393164,55.70323150410576,1.0
,110860,SALMONES CAMANCHACA S.A.,SALMON DEL ATLANTICO,4192.726,2023-03-01 00:00:00,2024-06-30 00:00:00,1er Semestre 2024,0.49312495455911637,0.454119454251706,0.378072391188489,8.341344877901829,64.75126253595369,1.0
,110880,CULTIVOS YADRAN S.A.,SALMON DEL ATLANTICO,2069.293,2023-04-01 00:00:00,2024-05-31 00:00:00,1er Semestre 2024,-0.7057060971353607,0.2241212132765651,-0.7731823724240978,7.63544542213646,45.4894823008572,1.0
,110897,COOKE AQUACULTURE CHILE S.A.,SALMON DEL ATLANTICO,1488.106,2023-04-01 00:00:00,2024-05-31 00:00:00,1er Semestre 2024,-1.0338280686979946,0.1611703277635212,-1.0882826380315875,7.305931218867473,38.57597698049915,1.0
,110899,"TORNAGALEONES S.A., GRANJA MARINA",SALMON DEL ATLANTICO,4522.02,2022-12-01 00:00:00,2024-03-31 00:00:00,1er Semestre 2024,0.6790351633279742,0.4897867160695587,0.5566046482123952,8.416935191311977,67.24596642178622,1.0
,110900,INVERMAR S.A.,SALMON DEL ATLANTICO,3374.888,2022-07-01 00:00:00,2024-04-30 00:00:00,1er Semestre 2024,0.03139642832084673,0.3655358721925465,-0.06533217743382716,8.124413679810083,58.093786242592245,1.0
,110928,EXPORTADORA LOS FIORDOS LTDA.,SALMON DEL ATLANTICO,4584.8,2022-10-01 00:00:00,2024-01-31 00:00:00,1er Semestre 2024,0.7144790004659386,0.4965866902474203,0.590641876634294,8.430719851476894,67.71115122341371,1.0
,110954,SALMONES ANTARTICA S.A.,TRUCHA ARCOIRIS,3637.583,2023-01-01 00:00:00,2024-02-29 00:00:00,1er Semestre 2024,0.1797066990592599,0.39398950737339034,0.07709231635863474,8.199349599125147,60.31237849728694,1.0
,120069,NOVA AUSTRAL S.A.,SALMON DEL ATLANTICO,3374.786,2022-05-01 00:00:00,2024-04-30 00:00:00,1er Semestre 2024,0.03133884196550956,0.3655248241300084,-0.0653874784420946,8.124383465081111,58.092908345167224,1.0
,120112,CERMAQ CHILE S.A.,SALMON DEL ATLANTICO,2903.503,2022-09-01 00:00:00,2024-03-31 00:00:00,1er Semestre 2024,-0.23473439629335155,0.3144781176874282,-0.3209014498080999,7.974017570312068,53.88416279390448,1.0
,120114,AQUACHILE MAGALLANES SPA.,SALMON DEL ATLANTICO,3608.753,2022-10-01 00:00:00,2024-01-31 00:00:00,1er Semestre 2024,0.1634300850948204,0.39086680499129806,0.061461649021850015,8.191394627933468,60.07289738309615,1.0
,120115,CERMAQ CHILE S.A.,SALMON DEL ATLANTICO,2794.564,2022-07-01 00:00:00,2024-03-31 00:00:00,1er Semestre 2024,-0.2962383175098651,0.30267846195372206,-0.379964553138034,7.935789154141322,52.86363589462987,1.0
,120134,AUSTRALIS MAR S.A.,SALMON DEL ATLANTICO,4729.17,2022-06-01 00:00:00,2024-01-31 00:00:00,1er Semestre 2024,0.7959862761525891,0.5122240313123756,0.6689144900027164,8.461716421643507,68.76896102167024,1.0
,120135,AUSTRALIS MAR S.A.,SALMON DEL ATLANTICO,5227.619,2022-10-01 00:00:00,2024-03-31 00:00:00,1er Semestre 2024,1.077396680382937,0.566213205077603,0.9391569632372992,8.56190246865341,72.30227520624783,1.0
,120136,AUSTRALIS MAR S.A.,SALMON DEL ATLANTICO,3349.149,2022-11-01 00:00:00,2024-03-31 00:00:00,1er Semestre 2024,0.016864906751970204,0.3627479694310941,-0.07928700735340759,8.116760101441953,57.87183252671372,1.0
,120138,AUSTRALIS MAR S.A.,SALMON DEL ATLANTICO,4860.987,2023-02-01 00:00:00,2024-06-30 00:00:00,1er Semestre 2024,0.8704064781279803,0.5265017024847743,0.7403812841870021,8.489202481075703,69.7207788252541,1.0
,120141,AQUACHILE MAGALLANES SPA.,SALMON DEL ATLANTICO,7183.71,2023-01-01 00:00:00,2024-06-30 00:00:00,1er Semestre 2024,2.181751105853438,0.778085908001267,1.9996844589528266,8.879710435833568,84.75676964113251,1.0
,120153,MULTIEXPORT PATAGONIA S.A.,SALMON DEL ATLANTICO,5534.288,2022-11-01 00:00:00,2024-04-30 00:00:00,1er Semestre 2024,1.2505334451370373,0.5994298549844309,1.1054226975940264,8.618898876309418,74.3927953500875,1.0
,120181,MULTIEXPORT PATAGONIA S.A.,SALMON DEL ATLANTICO,5762.01,2022-09-01 00:00:00,2024-02-29 00:00:00,1er Semestre 2024,1.3790989354322198,0.6240954128011086,1.2288859937184562,8.659215186642518,75.90790472671473,1.0
,,,,3495.39,,,,0.09942849685858154,0.37858796662358646,0.0,8.159486286617584,59.12182338189511,1.0
,,,,3495.39,,,,0.09942849685858154,0.37858796662358646,0.0,8.159486286617584,59.12182338189511,1.0
,Relevancia / Pertinencia:,,Dar cumplimiento a la ley 21.532.,3495.39,,,,0.09942849685858154,0.37858796662358646,0.0,8.159486286617584,59.12182338189511,1.0
,Fuente de datos y grado de estandarizacin: ,,"Datos obtenidos a traves de la plataforma Qliksense, Streams UI_Acuicultura, App Cosechas Recepcionadas_V4 y filtrado por los centros que finalizaron cliclo productivo ao 2023 y primer semestre 2024, plataforma conectada a quimera (Informacin del da anterior).",3495.39,,,,0.09942849685858154,0.37858796662358646,0.0,8.159486286617584,59.12182338189511,1.0
,Presicin y exactitud: ,,"Datos oficiales - Cosecha extrada de la recepcin en plantas, se le agrega un mes a la fecha de trmino de ciclo para la extraccin de  datos.",3495.39,,,,0.09942849685858154,0.37858796662358646,0.0,8.159486286617584,59.12182338189511,1.0
,Responsable de los datos: ,,Francisco Vsquez (Departamento Salud animal - Centros con ciclo productivo) / Francisco Rosell (Departamento GIA - Extraccin de cosecha).,3495.39,,,,0.09942849685858154,0.37858796662358646,0.0,8.159486286617584,59.12182338189511,1.0
,,,,3495.39,,,,0.09942849685858154,0.37858796662358646,0.0,8.159486286617584,59.12182338189511,1.0
,Versin 1.1,2024-09-03 00:00:00,,3495.39,,,,0.09942849685858154,0.37858796662358646,0.0,8.159486286617584,59.12182338189511,1.0
